year,name,underwriter,listing_date,market,code,price_range,price_final,price_before1,price_before2,grade,grade_votes,reader_forecast,reader_forecast_n,stance_bars,hatsune_bars,hatsune,vote_status,detail_url
2010,日本メディカルネットコミュニケーションズ,大和,12/21(火),東M,3645,740-840,840,"1,500","1,400",A,8,,,"0,0,0,0,0","0,0,0,0,0","1,750",締切,https://kabu.96ut.com/article/ipo/2010022/
2010,テラプローブ,野村,12/16(木),東M,6627,"3,000-3,350","3,000","2,700","2,700",D,2,,,"0,0,0,0,0","0,0,0,0,0","2,775",締切,https://kabu.96ut.com/article/ipo/2010020/
2010,大塚ホールディングス,野村,12/15(水),東1,4578,"2,000-2,400","2,100","2,700","2,250",A,8,,,"0,0,0,0,0","0,0,0,0,0","2,170",締切,https://kabu.96ut.com/article/ipo/2010021/
2010,ポーラ・オルビスホールディングス,野村,12/10(金),東1,4927,"1,600-1,800","1,800","1,900","2,000",C,5,,,"0,0,0,0,0","0,0,0,0,0","1,693",締切,https://kabu.96ut.com/article/ipo/2010019/
2010,1stホールディングス,大和,12/01(水),JQS,3644,630-700,630,630,580,D,3,,,"0,0,0,0,0","0,0,0,0,0",570,締切,https://kabu.96ut.com/article/ipo/2010018/
2010,イー・ガーディアン,野村,12/01(水),東M,6050,"1,200-1,300","1,300","2,500","2,500",A,9,,,"0,0,0,0,0","0,0,0,0,0","3,000",締切,https://kabu.96ut.com/article/ipo/2010017/
2010,トランザクション,野村,10/12(火),JQS,7818,"1,300-1,700","1,400",未,-,C,5,,,"0,0,0,0,0","0,0,0,0,0","1,295",締切,https://kabu.96ut.com/article/ipo/2010016/
2010,フーマイスターエレクトロニクス,野村,09/15(水),JQ,3165,"1,000-1,300","1,000",未,-,D,1,,,"0,0,0,0,0","0,0,0,0,0",970,締切,https://kabu.96ut.com/article/ipo/2010015/
2010,ＦＰＧ,野村,09/07(火),JQ,7148,"3,300-3,950","3,300",未,-,D,2,,,"0,0,0,0,0","0,0,0,0,0","3,300",締切,https://kabu.96ut.com/article/ipo/2010014/
2010,アイ・ケイ・ケイ,野村,07/23(金),JQ,2198,"1,220-1,320","1,320",未,-,B,6,,,"0,0,0,0,0","0,0,0,0,0","1,112",締切,https://kabu.96ut.com/article/ipo/2010013/
2010,電算,野村,06/24(木),東2,3640,"2,500-2,700","3,500",未,-,C,4,,,"0,0,0,0,0","0,0,0,0,0","3,600",締切,https://kabu.96ut.com/article/ipo/2010011/
2010,トータル・メディカルサービス,大和,06/24(木),JQ,3163,"3,800-4,200","4,200",未,-,B,6,,,"0,0,0,0,0","0,0,0,0,0","4,200",締切,https://kabu.96ut.com/article/ipo/2010012/
2010,パピレス,野村,06/23(水),JQ,3641,"2,500-2,700","2,700",未,-,A,9,,,"0,0,0,0,0","0,0,0,0,0","6,140",締切,https://kabu.96ut.com/article/ipo/2010010/
2010,ボルテージ,みずほ,06/11(金),東M,3639,"2,100-2,300","2,300",未,-,A,9,,,"0,0,0,0,0","0,0,0,0,0","3,500",締切,https://kabu.96ut.com/article/ipo/2010009/
2010,アゼアス,野村,04/16(金),JQ,3161,450-490,470,未,-,C,4,,,"0,0,0,0,0","0,0,0,0,0",470,締切,https://kabu.96ut.com/article/ipo/2010008/
2010,第一生命保険株式会社,野村/みずほ/メリル,04/01(木),東1,8750,125k-155k,"140,000",未,-,A,8,,,"0,0,0,0,0","0,0,0,0,0","160,000",締切,https://kabu.96ut.com/article/ipo/2010007/
2010,ダイト,大和,03/24(水),東2,4577,"1,250-1,370","1,370",未,-,C,5,,,"0,0,0,0,0","0,0,0,0,0","1,390",締切,https://kabu.96ut.com/article/ipo/2010006/
2010,Ｐａｌｔａｃ,野村,03/18(木),東1,8283,"2,100-0","2,200",未,-,D,2,,,"0,0,0,0,0","0,0,0,0,0","2,079",締切,https://kabu.96ut.com/article/ipo/2010005/
2010,セルシード,野村,03/16(火),NEO,7776,"1,440-0","1,500",未,-,C,5,,,"0,0,0,0,0","0,0,0,0,0","1,400",締切,https://kabu.96ut.com/article/ipo/2010004/
2010,大光,野村,03/09(火),JQ,3160,400-420,420,未,-,C,4,,,"0,0,0,0,0","0,0,0,0,0",415,締切,https://kabu.96ut.com/article/ipo/2010003/
2010,エスクリ,SBI,03/05(金),東M,2196,550-650,650,未,-,A,8,,,"0,0,0,0,0","0,0,0,0,0","1,001",締切,https://kabu.96ut.com/article/ipo/2010002/
2010,アニコム ホールディングス,野村,03/03(水),東M,8715,"1,900-2,000","2,000",未,-,B,7,,,"0,0,0,0,0","0,0,0,0,0","4,000",締切,https://kabu.96ut.com/article/ipo/2010001/
2011,アイセイ薬局,大和,12/22(木),JQS,3170,"3,300-3,460","3,460","3,500","3,460",B,6,"3,492",5,"0,0,20,40,40","0,0,0,100,0","3,460",締切,https://kabu.96ut.com/article/ipo/2011041/
2011,ミサワ,インベ,12/22(木),東M,3169,760-860,860,"1,200","1,200",B,7,"1,100",5,"20,20,40,20,0","0,20,20,60,0","1,209",締切,https://kabu.96ut.com/article/ipo/2011040/
2011,スターフライヤー,大和,12/21(水),東2,9206,"2,900-3,180","3,180","3,500","3,450",B,7,"3,494",9,"11.1,22.2,33.3,11.1,22.2","0,11.1,11.1,77.8,0","5,500",締切,https://kabu.96ut.com/article/ipo/2011039/
2011,カイオム・バイオサイエンス,大和,12/20(火),東M,4583,"2,100-2,700","2,700","2,000","2,100",D,2,"2,200",3,"0,0,0,0,100","0,0,0,66.7,33.3","2,480",締切,https://kabu.96ut.com/article/ipo/2011036/
2011,新田ゼラチン,日興,12/20(火),東2,4977,500-570,500,680,500,B,6,630,7,"0,14.3,42.9,28.6,14.2","0,0,14.3,85.7,0",462,締切,https://kabu.96ut.com/article/ipo/2011037/
2011,キューアンドエー,みずほ,12/19(月),JQS,6056,,未,未,-,,,"1,800",2,"0,0,50,50,0","0,0,0,100,0",-,締切,https://kabu.96ut.com/article/ipo/2011035/
2011,ジャパンマテリアル,東海東京,12/19(月),東2,6055,"2,500-2,800","2,650","2,850","2,650",C,5,"2,833",3,"0,0,33.3,33.3,33.3","0,0,0,100,0","2,440",締切,https://kabu.96ut.com/article/ipo/2011034/
2011,ダブル・スコープ,日興,12/16(金),東M,6619,"2,500-2,800","2,500","2,500","2,500",C,4,"2,900",3,"0,0,0,66.7,33.3","0,0,0,100,0","2,300",締切,https://kabu.96ut.com/article/ipo/2011033/
2011,日興アセットマネジメント,日興,12/15(木),東未,7156,,未,未,-,,,"1,067",3,"0,33.3,33.3,0,33.3","0,33.3,0,66.7,0",-,締切,https://kabu.96ut.com/article/ipo/2011038/
2011,ネクソン,野村,12/14(水),東1,3659,"1,200-1,400","1,300","1,500","1,500",B,6,"1,503",12,"0,27.3,54.5,0,18.2","0,0,16.7,83.3,0","1,307",締切,https://kabu.96ut.com/article/ipo/2011032/
2011,サンセイランディック,野村,12/13(火),JQS,3277,500-600,500,600,500,C,5,495,6,"0,0,0,0,100","0,0,0,50,50",470,締切,https://kabu.96ut.com/article/ipo/2011031/
2011,リブセンス,大和,12/07(水),東M,6054,900-990,990,"2,000","2,000",A,9,"1,866",10,"40,40,20,0,0","50,40,10,0,0","1,800",締切,https://kabu.96ut.com/article/ipo/2011030/
2011,ベルグアース,野村,11/29(火),JQS,1383,740-940,740,950,750,C,5,993,7,"0,0,28.6,57.1,14.3","0,0,0,100,0",780,締切,https://kabu.96ut.com/article/ipo/2011029/
2011,菊池製作所,野村,10/28(金),JQS,3444,"1,050-1,100","1,100","1,300","1,150",B,6,"1,118",6,"0,16.7,0,50,33.3","0,0,16.7,83.3,0","1,150",締切,https://kabu.96ut.com/article/ipo/2011028/
2011,イーブックイニシアティブジャパン,大和,10/28(金),東M,3658,700-760,760,"2,250","2,000",A,9,"1,876",7,"42.9,14.3,42.8,0,0","85.7,14.3,0,0,0","1,700",締切,https://kabu.96ut.com/article/ipo/2011027/
2011,ポールトゥウィン・ピットクルーホールディングス,大和,10/26(水),東M,3657,"2,000-2,250","2,250","3,500","3,500",A,8,"3,519",8,"12.5,62.5,25,0,0","12.5,37.5,50,0,0","2,730",締切,https://kabu.96ut.com/article/ipo/2011026/
2011,スリー・ディー・マトリックス,日興,10/24(月),JQG,7777,"1,900-2,100","2,100","1,500","1,800",D,2,"1,633",3,"0,0,0,0,100","0,0,0,33.3,66.7","1,200",締切,https://kabu.96ut.com/article/ipo/2011025/
2011,日本管理センター,SMBC,10/21(金),JQS,3276,"1,400-1,600","1,600","1,700","1,650",C,5,"1,675",4,"0,0,0,100,0","0,0,0,100,0","1,600",締切,https://kabu.96ut.com/article/ipo/2011024/
2011,シンバイオ製薬,三菱,10/20(木),JQG,4582,460-560,560,450,500,D,3,477,3,"0,0,0,0,100","0,0,0,66.7,33.3",450,締切,https://kabu.96ut.com/article/ipo/2011023/
2011,ＫＬａｂ,大和,09/27(火),東M,3656,"1,540-1,700","1,700","2,800","3,100",A,8,"2,583",6,"20,20,60,0,0","16.7,33.3,50,0,0","3,970",締切,https://kabu.96ut.com/article/ipo/2011022/
2011,ブレインパッド,野村,09/22(木),東M,3655,"2,100-2,200","2,200","4,400","4,400",A,9,"4,767",3,"100,0,0,0,0","100,0,0,0,0","6,350",締切,https://kabu.96ut.com/article/ipo/2011021/
2011,イーピーミント,みずほ,09/16(金),JQS,6052,"1,400-1,500","1,500","1,800","1,800",B,7,"2,000",4,"0,25,50,25,0","0,25,25,50,0","1,700",締切,https://kabu.96ut.com/article/ipo/2011020/
2011,ヒト・コミュニケーションズ,野村,08/12(金),JQS,3654,"2,600-2,700","2,700","3,500","2,650",B,7,"3,333",6,"0,20,40,20,20","0,33.3,33.3,33.3,0","2,780",締切,https://kabu.96ut.com/article/ipo/2011019/
2011,モルフォ,野村,07/21(木),東M,3653,"2,050-2,250","2,250","2,500","3,180",B,7,"2,900",3,"0,100,0,0,0","0,0,100,0,0","4,840",締切,https://kabu.96ut.com/article/ipo/2011017/
2011,ラクオリア創薬,大和,07/20(水),JQG,4579,"1,550-1,600","1,600","1,500","1,500",C,4,"1,450",1,"0,0,0,0,100","0,0,0,100,0","1,480",締切,https://kabu.96ut.com/article/ipo/2011018/
2011,日本ドライケミカル,大和,06/29(水),東2,1909,"1,640-2,040","2,040","1,800","1,800",D,3,"1,850",1,"0,0,0,0,100","0,0,0,100,0","2,222",締切,https://kabu.96ut.com/article/ipo/2011015/
2011,ＳＥＭＩＴＥＣ,三菱,06/29(水),JQS,6626,"1,050-1,250","1,250","1,200","1,200",C,4,"1,050",1,"0,0,0,0,100","0,0,0,100,0","1,210",締切,https://kabu.96ut.com/article/ipo/2011016/
2011,イートアンド,みずほ,06/24(金),JQS,2882,"2,560-2,860","2,860","2,860","2,660",C,5,"2,540",2,"0,0,0,50,50","0,0,0,50,50","2,631",締切,https://kabu.96ut.com/article/ipo/2011014/
2011,ハウスコム,大和,06/23(木),JQS,3275,540-600,600,550,580,C,4,665,2,"0,0,50,0,50","0,0,50,50,0",580,締切,https://kabu.96ut.com/article/ipo/2011013/
2011,ディジタルメディアプロフェッショナル,野村,06/23(木),東M,3652,"2,100-2,400","2,400","3,600","3,100",A,8,"3,100",3,"0,100,0,0,0","0,33.3,66.7,0,0","3,050",締切,https://kabu.96ut.com/article/ipo/2011012/
2011,クロタニコーポレーション,野村,06/09(木),東2,3168,"1,100-1,200","1,200","1,500","1,300",B,6,"1,350",4,"0,0,50,50,0","0,0,25,75,0","1,170",締切,https://kabu.96ut.com/article/ipo/2011011/
2011,ＳＥＭＩＴＥＣ,三菱,04/13(水),JQS,6626,,未,未,-,,,"1,900",2,"0,50,0,50,0","0,50,0,50,0",-,締切,https://kabu.96ut.com/article/ipo/2011010/
2011,ＡｖａｎＳｔｒａｔｅ,大和/三菱/メリル,04/12(火),東M,5220,,未,未,-,,,540,2,"0,0,0,0,100","0,0,0,50,50",-,締切,https://kabu.96ut.com/article/ipo/2011009/
2011,ラクオリア創薬,大和,03/25(金),JQG,4579,"1,600-2,000",未,"2,350",-,C,5,"1,900",1,"0,0,0,0,100","0,0,0,100,0",-,締切,https://kabu.96ut.com/article/ipo/2011008/
2011,ピーエスシー,野村,03/23(水),JQS,3649,"800-1,000","1,000",900,900,C,4,917,3,"0,33.3,0,66.7,0","0,0,33.3,66.7,0","1,020",締切,https://kabu.96ut.com/article/ipo/2011007/
2011,アイ・アールジャパン,野村,03/18(金),JQS,6051,"1,600-1,800","1,800","2,150","1,800",B,6,"1,930",3,"0,33.3,0,66.7,0","0,0,0,100,0","1,890",締切,https://kabu.96ut.com/article/ipo/2011006/
2011,島根銀行,野村,03/15(火),東2,7150,540-560,560,550,500,C,4,534,4,"0,0,0,50,50","0,0,0,100,0",685,締切,https://kabu.96ut.com/article/ipo/2011004/
2011,アイディホーム,三菱,03/15(火),JQS,3274,"2,700-2,850","2,850","3,150","2,700",B,6,"3,233",5,"0,20,60,20,0","0,0,20,80,0","1,800",締切,https://kabu.96ut.com/article/ipo/2011005/
2011,カルビー,大和,03/11(金),東1,2229,"2,040-2,100","2,100","2,200","2,300",B,6,"2,204",5,"0,40,40,20,0","0,0,0,100,0","2,100",締切,https://kabu.96ut.com/article/ipo/2011003/
2011,ＡＧＳ,みずほ,03/11(金),東2,3648,800-950,950,"1,050","1,000",C,5,"1,126",5,"0,0,25,75,0","0,0,40,60,0",890,締切,https://kabu.96ut.com/article/ipo/2011002/
2011,駅探,みずほ,03/03(木),東M,3646,"2,480-2,780","2,780","5,500","5,500",A,9,"5,273",8,"28.6,71.4,0,0,0","50,37.5,12.5,0,0","5,530",締切,https://kabu.96ut.com/article/ipo/2011001/
2012,地盤ネット,野村,12/21(金),東M,6072,700-720,720,"1,080","1,150",B,6,"1,079",11,"9.1,27.3,54.5,9.1,0","18.2,27.3,27.3,27.2,0","1,412",締切,https://kabu.96ut.com/article/ipo/2012051/
2012,グランディーズ,JTG,12/21(金),福Q,3261,340-360,360,440,480,C,5,420,10,"0,0,40,30,30","0,0,50,50,0",368,締切,https://kabu.96ut.com/article/ipo/2012050/
2012,ＧＬＰ投資法人,野村,12/21(金),東R,3281,59k-60k,"60,500","69,000","65,000",C,5,"66,905",19,"11.1,11.1,50,16.7,11.1","0,5.3,5.3,89.4,0","62,500",締切,https://kabu.96ut.com/article/ipo/2012049/
2012,ユーグレナ,日興,12/20(木),東M,2931,"1,580-1,700","1,700","2,850","3,150",A,9,"3,159",15,"40,40,13.3,6.7,0","46.7,33.3,13.3,6.7,0","3,900",締切,https://kabu.96ut.com/article/ipo/2012053/
2012,パンチ工業,大和,12/20(木),東2,6165,510-560,560,550,550,C,4,547,9,"0,0,0,33.3,66.7","0,0,0,100,0",530,締切,https://kabu.96ut.com/article/ipo/2012052/
2012,シュッピン,野村,12/20(木),東M,3179,310-330,330,570,600,A,8,640,14,"14.3,50,28.6,7.1,0","42.9,50,0,7.1,0",550,締切,https://kabu.96ut.com/article/ipo/2012048/
2012,モバイルクリエイト,野村,12/19(水),東M,3669,"2,700-3,000","3,000","6,000","6,000",A,9,"6,226",9,"66.7,33.3,0,0,0","88.9,11.1,0,0,0","7,000",締切,https://kabu.96ut.com/article/ipo/2012047/
2012,全国保証,大和,12/19(水),東1,7164,930-980,980,"1,140","1,200",B,6,"1,158",12,"8.3,8.3,50,33.3,0","0,0,50,50,0","1,016",締切,https://kabu.96ut.com/article/ipo/2012046/
2012,チムニー,野村,12/14(金),東2,3178,"1,000-1,050","1,000","1,100","1,050",C,5,"1,101",13,"0,0,30.8,46.2,23","0,0,7.7,92.3,0",945,締切,https://kabu.96ut.com/article/ipo/2012045/
2012,コロプラ,大和,12/13(木),東M,3668,"2,700-3,000","3,000","5,600","5,800",A,9,"5,452",16,"37.5,50,6.3,0,6.2","37.5,43.8,12.5,6.2,0","5,650",締切,https://kabu.96ut.com/article/ipo/2012044/
2012,アジュバンコスメジャパン,野村,12/13(木),東2,4929,"1,250-1,350","1,250","1,480","1,350",C,5,"1,496",12,"0,16.7,16.7,50,16.6","0,0,25,75,0","1,310",締切,https://kabu.96ut.com/article/ipo/2012043/
2012,ｅｎｉｓｈ,大和,12/11(火),東M,3667,760-800,800,"2,200","2,200",S,10,"2,236",17,"75,18.8,0,6.2,0","88.2,5.9,0,5.9,0","2,500",締切,https://kabu.96ut.com/article/ipo/2012042/
2012,ＵＭＮファーマ,野村,12/11(火),東M,4585,"1,300-1,600","1,300","1,150","1,250",D,2,"1,167",12,"0,0,9.1,9.1,81.8","0,0,0,33.3,66.7","1,196",締切,https://kabu.96ut.com/article/ipo/2012041/
2012,テクノスジャパン,大和,12/07(金),JQS,3666,"1,380-1,540","1,540","1,960","1,960",B,6,"2,127",16,"6.3,25,43.8,24.9,0","6.3,18.8,43.8,25,6.1","1,878",締切,https://kabu.96ut.com/article/ipo/2012040/
2012,ＩＢＪ,SMBC,12/06(木),JQS,6071,"1,250-1,450","1,450","2,080","2,560",B,7,"2,418",12,"9.1,45.5,45.4,0,0","25,41.7,33.3,0,0","2,610",締切,https://kabu.96ut.com/article/ipo/2012039/
2012,ジーンテクノサイエンス,野村,11/30(金),東M,4584,"1,200-1,500","1,200","1,300","1,300",D,3,"1,153",9,"0,0,0,0,100","0,0,0,40,60","1,550",締切,https://kabu.96ut.com/article/ipo/2012038/
2012,大和ハウスリート投資法人,野村/三菱,11/28(水),東R,3263,480k-500k,"500,000","500,000","500,000",C,5,"501,684",19,"0,0,33.3,44.4,22.2","0,0,0,100,0","504,000",締切,https://kabu.96ut.com/article/ipo/2012037/
2012,エストラスト,SBI,11/21(水),東M,3280,"1,250-1,350","1,350","1,550","1,550",B,6,"1,535",13,"7.7,30.8,30.8,15.4,15.3","0,7.7,23.1,69.2,0","2,513",締切,https://kabu.96ut.com/article/ipo/2012036/
2012,キャリアリンク,野村,11/15(木),東M,6070,400-440,420,580,630,B,6,562,11,"9.1,18.2,54.5,18.2,0","0,9.1,63.6,27.3,0",846,締切,https://kabu.96ut.com/article/ipo/2012035/
2012,ありがとうサービス,野村,11/12(月),JQS,3177,"1,170-1,340","1,170","1,560","1,450",B,6,"1,539",11,"10,10,50,10,20","0,0,27.3,72.7,0","1,302",締切,https://kabu.96ut.com/article/ipo/2012034/
2012,三洋貿易,三菱,10/23(火),東2,3176,420-460,460,470,470,C,4,461,8,"0,0,12.5,50,37.5","0,0,0,100,0",444,締切,https://kabu.96ut.com/article/ipo/2012032/
2012,阿波製紙,大和,10/23(火),東2,3896,330-370,370,430,450,C,5,370,7,"0,0,0,71.4,28.6","0,0,0,100,0",371,締切,https://kabu.96ut.com/article/ipo/2012033/
2012,トレンダーズ,大和,10/19(金),東M,6069,"2,300-2,550","2,550","4,300","4,300",A,8,"4,093",17,"41.2,23.5,17.6,11.8,5.9","5.9,52.9,17.6,11.8,11.8","6,500",締切,https://kabu.96ut.com/article/ipo/2012031/
2012,ツバキ・ナカシマ,野村,10/11(木),東未,6464,"1,500-1,650","1,550",未,-,,,"1,413",5,"0,0,0,60,40","0,0,0,60,40",-,締切,https://kabu.96ut.com/article/ipo/2012030/
2012,日本コンセプト,野村,10/04(木),JQS,9386,"1,020-1,140","1,020","1,200","1,100",C,5,"1,190",11,"0,0,27.3,45.5,27.2","0,0,0,100,0",938,締切,https://kabu.96ut.com/article/ipo/2012029/
2012,メディアフラッグ,SBI,09/28(金),東M,6067,800-900,900,"1,560","1,800",A,8,"1,722",14,"28.6,50,14.3,7.1,0","35.7,42.9,14.3,7.1,0","2,120",締切,https://kabu.96ut.com/article/ipo/2012028/
2012,エー・ピーカンパニー,野村,09/25(火),東M,3175,"2,150-2,350","2,350","2,800","2,900",B,7,"3,418",14,"23.1,38.5,38.4,0,0","7.1,35.7,21.4,35.7,0","3,305",締切,https://kabu.96ut.com/article/ipo/2012027/
2012,日本航空（JAL),大和/野村/みずほ/三菱/日興,09/19(水),東1,9201,"3,500-3,790","3,790","3,790","3,990",C,5,"3,833",16,"0,6.3,12.5,62.5,18.7","0,0,0,100,0","3,810",締切,https://kabu.96ut.com/article/ipo/2012026/
2012,サクセスホールディングス,野村,08/07(火),JQS,6065,"1,950-2,050","2,050","2,180","2,460",B,6,"2,580",12,"16.7,33.3,41.7,8.3,0","8.3,16.7,41.7,33.3,0","2,500",締切,https://kabu.96ut.com/article/ipo/2012025/
2012,エニグモ,大和,07/24(火),東M,3665,"1,550-1,750","1,750","2,550","2,550",B,7,"3,284",15,"46.7,40,13.3,0,0","40,20,40,0,0","4,030",締切,https://kabu.96ut.com/article/ipo/2012024/
2012,ワイヤレスゲート,日興,07/19(木),東M,9419,"1,150-1,200","1,200","1,750","1,890",A,8,"1,962",9,"33.3,55.6,11.1,0,0","11.1,77.8,0,11.1,0","2,311",締切,https://kabu.96ut.com/article/ipo/2012023/
2012,アクトコール,SBI,07/13(金),東M,6064,"1,600-1,700","1,700","2,100","2,200",B,6,"1,830",10,"0,10,30,50,10","0,0,40,60,0","2,500",締切,https://kabu.96ut.com/article/ipo/2012022/
2012,モブキャスト,三菱,06/26(火),東M,3664,640-800,800,"1,850","1,850",A,9,"1,651",8,"37.5,62.5,0,0,0","50,50,0,0,0","2,301",締切,https://kabu.96ut.com/article/ipo/2012021/
2012,ハピネス・アンド・ディ,インベ,06/22(金),JQS,3174,"1,750-1,900","1,900","2,400","2,300",B,6,"2,228",13,"0,30.8,46.2,15.4,7.6","0,0,46.2,53.8,0","2,202",締切,https://kabu.96ut.com/article/ipo/2012019/
2012,大泉製作所,SBI,06/22(金),東M,6618,290-350,350,350,350,C,5,350,10,"0,0,0,70,30","0,0,0,100,0",400,締切,https://kabu.96ut.com/article/ipo/2012020/
2012,日本エマージェンシーアシスタンス,野村,06/20(水),JQS,6063,"1,100-1,200","1,100","1,450","1,200",B,6,"1,260",10,"0,11.1,33.3,44.4,11.1","0,0,10,90,0","1,400",締切,https://kabu.96ut.com/article/ipo/2012018/
2012,アクティビア・プロパティーズ投資法人,野村,06/13(水),東R,3279,460k-500k,"460,000","460,000","452,000",D,3,"464,005",10,"0,0,10,30,60","0,0,0,100,0","445,000",締切,https://kabu.96ut.com/article/ipo/2012017/
2012,北の達人コーポレーション,日本ア,05/29(火),札ア,2930,"950-1,150","1,100",930,930,D,2,921,9,"0,0,0,22.2,77.8","0,0,0,30,70",935,締切,https://kabu.96ut.com/article/ipo/2012016/
2012,チャーム･ケア･コーポレーション,大和,04/27(金),JQS,6062,900-950,950,"1,190","1,190",B,6,"1,067",9,"0,11.1,33.3,22.2,33.3","0,11.1,22.2,66.7,0","1,000",締切,https://kabu.96ut.com/article/ipo/2012014/
2012,ユニバーサル園芸社,大和,04/26(木),JQS,6061,"1,250-1,310","1,310","1,300","1,250",C,4,"1,259",7,"0,0,0,42.9,57.1","0,0,0,100,0","1,455",締切,https://kabu.96ut.com/article/ipo/2012013/
2012,ケネディクス・レジデンシャル投資法人,日興,04/26(木),東R,3278,190k-192k,"190,000","192,000","192,000",C,5,"196,286",7,"0,0,14.3,42.9,42.8","0,0,0,100,0","182,300",締切,https://kabu.96ut.com/article/ipo/2012015/
2012,こころネット,大和,04/25(水),JQS,6060,900-945,945,"1,080",945,C,5,954,5,"0,0,20,20,60","0,0,0,100,0","1,050",締切,https://kabu.96ut.com/article/ipo/2012012/
2012,ＡｖａｎＳｔｒａｔｅ,大和/三菱/メリル,04/24(火),東未,5220,500-610,未,550,-,D,3,543,4,"0,0,0,25,75","0,0,0,75,25",-,締切,https://kabu.96ut.com/article/ipo/2012011/
2012,ウチヤマホールディングス,大和,04/20(金),JQS,6059,"1,360-1,480","1,480","1,600","1,540",C,5,"1,526",12,"0,10,40,40,10","0,0,0,100,0","1,421",締切,https://kabu.96ut.com/article/ipo/2012010/
2012,エイチーム,大和,04/04(水),東M,3662,"1,000-1,080","1,080","2,800","2,600",S,10,"2,550",12,"45.5,36.4,18.1,0,0","83.3,8.3,8.3,0,0","2,923",締切,https://kabu.96ut.com/article/ipo/2012009/
2012,ベクトル,SBI,03/27(火),東M,6058,"940-1,000","1,000","1,350","1,300",B,7,"1,549",14,"14.3,50,28.6,7.1,0","14.3,35.7,42.9,7.1,0","1,160",締切,https://kabu.96ut.com/article/ipo/2012008/
2012,ライフネット生命,野村,03/15(木),東M,7157,"1,000-1,200","1,000","1,450","1,100",B,6,"1,062",12,"0,0,16.7,50,33.3","0,0,0,75,25",930,締切,https://kabu.96ut.com/article/ipo/2012007/
2012,エムアップ,大和,03/14(水),東M,3661,"1,050-1,130","1,130","2,500","2,500",A,9,"2,277",12,"50,50,0,0,0","50,50,0,0,0","1,987",締切,https://kabu.96ut.com/article/ipo/2012006/
2012,大阪工機,野村,03/09(金),JQS,3173,700-720,700,800,680,C,4,728,11,"0,0,9.1,36.4,54.5","0,0,0,100,0",685,締切,https://kabu.96ut.com/article/ipo/2012005/
2012,アイスタイル,みずほ,03/08(木),東M,3660,760-840,840,"1,650","1,550",A,8,"1,573",16,"28.6,57.1,14.3,0,0","37.5,62.5,0,0,0","1,630",締切,https://kabu.96ut.com/article/ipo/2012004/
2012,ティーライフ,野村,03/06(火),JQS,3172,480-530,510,580,530,C,5,551,9,"0,0,22.2,44.4,33.3","0,0,11.1,88.9,0",556,締切,https://kabu.96ut.com/article/ipo/2012003/
2012,マックスバリュ九州,野村,02/22(水),JQS,3171,"1,000-1,250","1,250","1,050","1,300",C,4,"1,213",8,"0,0,50,12.5,37.5","0,0,11.1,55.6,33.3","1,300",締切,https://kabu.96ut.com/article/ipo/2012002/
2012,リフォームスタジオ,みずほ,02/08(水),JQS,6057,,未,未,-,,,"2,588",6,"0,16.7,83.3,0,0","0,0,83.3,16.7,0",-,締切,https://kabu.96ut.com/article/ipo/2012001/
2013,ヒューマン・メタボローム・テクノロジーズ,いちよし,12/24(火),東M,6090,"1,300-1,400","1,400","3,500","3,500",A,8,"4,809",40,"33.3,50,16.7,0,0","85,12.5,2.5,0,0","3,100",締切,https://kabu.96ut.com/article/ipo/2013060/
2013,シンプロメンテ,みずほ,12/19(木),東M,6086,910-950,950,"2,300","1,600",A,9,"2,576",28,"24,40,36,0,0","78.6,14.3,3.6,3.5,0","2,235",締切,https://kabu.96ut.com/article/ipo/2013053/
2013,足利ホールディングス,野村,12/19(木),東1,7167,400-420,420,440,426,C,5,429,51,"2.1,0,19.1,44.7,34","0,0,0,100,0",451,締切,https://kabu.96ut.com/article/ipo/2013055/
2013,ダイキアクシス,三菱,12/19(木),東2,4245,"1,200-1,300","1,300","1,750","1,196",B,7,"1,952",33,"3.2,19.4,45.2,25.8,6.4","27.3,9.1,48.5,12.1,3","1,351",締切,https://kabu.96ut.com/article/ipo/2013058/
2013,ウィルグループ,日興,12/19(木),東2,6089,"2,770-2,870","2,870","3,900","2,650",B,7,"4,241",37,"8.6,22.9,48.6,8.6,11.3","10.8,32.4,29.7,27,0","2,750",締切,https://kabu.96ut.com/article/ipo/2013059/
2013,シグマクシス,日興,12/18(水),東M,6088,"2,830-3,010","3,010","5,500","3,300",A,9,"5,586",43,"17.1,43.9,26.8,9.8,2.4","41.9,23.3,23.3,11.5,0","3,020",締切,https://kabu.96ut.com/article/ipo/2013057/
2013,イーグランド,みずほ,12/18(水),JQS,3294,"3,030-3,300","3,300","5,800","5,800",A,9,"6,840",27,"12,64,20,4,0","70.4,14.8,11.1,3.7,0","4,200",締切,https://kabu.96ut.com/article/ipo/2013056/
2013,アビスト,SBI,12/18(水),JQS,6087,"3,250-3,450","3,450","5,900","4,500",B,7,"5,709",43,"12.8,28.2,51.3,5.1,2.6","27.9,18.6,20.9,32.6,0","3,450",締切,https://kabu.96ut.com/article/ipo/2013054/
2013,アーキテクツ・スタジオ・ジャパン,野村,12/18(水),東M,6085,"1,850-2,050","2,050","5,200","4,800",A,9,"4,919",25,"21.7,56.5,17.4,4.3,0","80,20,0,0,0","4,600",締切,https://kabu.96ut.com/article/ipo/2013052/
2013,アズマハウス,野村,12/17(火),JQS,3293,"1,500-1,600","1,600","1,950","1,950",B,7,"2,150",32,"3.2,12.9,48.4,32.3,3.2","9.4,25,46.9,18.7,0","1,760",締切,https://kabu.96ut.com/article/ipo/2013051/
2013,日本アクア,野村,12/13(金),東M,1429,"1,480-1,650","1,650","2,480","2,480",B,7,"2,953",37,"11.1,36.1,47.2,5.6,0","37.8,48.6,13.5,0,0","2,061",締切,https://kabu.96ut.com/article/ipo/2013050/
2013,エンカレッジ・テクノロジ,野村,12/11(水),東M,3682,"1,550-1,730","1,730","5,100","5,100",A,9,"5,319",35,"32.4,47.1,14.7,5.8,0","97.1,2.9,0,0,0","3,755",締切,https://kabu.96ut.com/article/ipo/2013049/
2013,オウチーノ,SBI,12/11(水),東M,6084,"3,300-3,500","3,500","7,500","7,500",A,8,"10,048",45,"48.8,44.2,4.7,2.3,0","88.9,8.9,2.2,0,0","8,050",締切,https://kabu.96ut.com/article/ipo/2013048/
2013,ブイキューブ,野村,12/10(火),東M,3681,"3,000-3,300","3,300","6,600","6,600",A,8,"9,657",44,"56.1,34.1,7.3,0,2.4","97.7,2.3,0,0,0","5,010",締切,https://kabu.96ut.com/article/ipo/2013047/
2013,ホットリンク,野村,12/09(月),東M,3680,"2,570-2,700","2,700","7,000","6,000",A,9,"8,023",28,"48.1,40.7,7.4,3.7,0","100,0,0,0,0","7,170",締切,https://kabu.96ut.com/article/ipo/2013046/
2013,オンコリスバイオファーマ,日興,12/06(金),東M,4588,"2,420-2,600","2,600","5,000","3,900",A,8,"7,308",58,"24.6,57.9,12.3,5.2,0","82.8,8.6,5.2,3.4,0","3,500",締切,https://kabu.96ut.com/article/ipo/2013045/
2013,ライドオン・エクスプレス,野村,12/03(火),東M,6082,"1,790-2,000","2,000","3,800","4,100",A,8,"5,103",31,"23.3,56.7,16.7,3.3,0","80.6,16.1,3.2,0,0","3,105",締切,https://kabu.96ut.com/article/ipo/2013044/
2013,アライドアーキテクツ,野村,11/29(金),東M,6081,"1,500-1,700","1,700","5,100","5,100",S,10,"6,029",42,"63.4,31.7,4.9,0,0","100,0,0,0,0","5,600",締切,https://kabu.96ut.com/article/ipo/2013043/
2013,じげん,野村,11/22(金),東M,3679,500-600,600,"1,200","1,500",A,8,"1,436",45,"7,48.8,30.2,9.3,4.7","82.2,15.6,2.2,0,0","1,750",締切,https://kabu.96ut.com/article/ipo/2013042/
2013,イオンリート投資法人,野村/みずほ/日興,11/22(金),東R,3292,100k-105k,"105,000","110,000","120,000",B,6,"113,284",38,"5.7,11.4,31.4,48.6,2.9","0,5.3,23.7,71,0","115,000",締切,https://kabu.96ut.com/article/ipo/2013040/
2013,Ｍ＆Ａキャピタルパートナーズ,野村,11/20(水),東M,6080,"2,800-3,000","3,000","9,600","10,500",A,9,"10,967",31,"74.2,22.6,0,3.2,0","96.8,0,0,3.2,0","10,000",締切,https://kabu.96ut.com/article/ipo/2013041/
2013,メディアドゥ,いちよし,11/20(水),東M,3678,"3,000-3,300","3,300","6,900","9,000",A,8,"8,193",30,"30,60,3.3,3.3,3.3","90,3.3,3.3,3.3,0","11,770",締切,https://kabu.96ut.com/article/ipo/2013039/
2013,ＡＮＡＰ,大和,11/19(火),JQS,3189,"960-1,000","1,000","2,000","2,800",B,7,"2,313",42,"5,45,42.5,5,2.5","71.4,26.2,0,2.4,0","5,100",締切,https://kabu.96ut.com/article/ipo/2013038/
2013,システム情報,SBI,10/22(火),JQS,3677,700-740,740,"1,500","1,850",A,8,"1,898",34,"24.2,54.5,21.2,0,0","88.2,8.8,0,2.9,0","3,500",締切,https://kabu.96ut.com/article/ipo/2013037/
2013,ＳＩＡ不動産投資法人,日興,10/09(水),東R,3290,450k-460k,"450,000","470,000","460,000",C,5,"501,565",31,"6.7,13.3,13.3,53.3,13.3","0,0,3.2,96.8,0","429,000",締切,https://kabu.96ut.com/article/ipo/2013036/
2013,エナリス,野村,10/08(火),東M,6079,240-280,280,840,840,S,10,937,41,"60,27.5,10,0,2.5","95.1,2.4,0,0,2.4",717,締切,https://kabu.96ut.com/article/ipo/2013035/
2013,バリューＨＲ,野村,10/04(金),JQS,6078,"1,800-2,000","2,000","2,800","3,000",B,7,"3,173",24,"13.6,27.3,50,9.1,0","29.2,33.3,25,12.5,0","4,035",締切,https://kabu.96ut.com/article/ipo/2013034/
2013,エンビプロ・ホールディングス,野村,09/25(水),東2,5698,630-700,700,730,840,C,5,784,21,"5,5,30,55,5","0,14.3,42.9,42.8,0","1,040",締切,https://kabu.96ut.com/article/ipo/2013033/
2013,オープンハウス,大和,09/20(金),東1,3288,"1,580-1,780","1,780","1,958","2,480",B,6,"2,367",39,"5.4,24.3,51.4,16.2,2.7","0,20.5,41,35.9,2.6","2,100",締切,https://kabu.96ut.com/article/ipo/2013032/
2013,サンワカンパニー,野村,09/13(金),東M,3187,870-950,950,"1,660","2,375",A,8,"2,041",41,"18.4,63.2,15.8,2.6,0","75.6,17.1,2.4,4.9,0","3,500",締切,https://kabu.96ut.com/article/ipo/2013031/
2013,Ｎ・フィールド,野村,08/29(木),東M,6077,"1,300-1,500","1,500","1,950","2,150",B,7,"2,111",28,"3.7,29.6,55.6,11.1,0","21.4,46.4,25,7.1,0","3,100",締切,https://kabu.96ut.com/article/ipo/2013030/
2013,アメイズ,大和,08/13(火),福証,6076,700-730,730,949,949,B,6,"1,053",41,"5.3,13.2,57.9,15.8,7.8","9.8,29.3,17.1,43.8,0",797,締切,https://kabu.96ut.com/article/ipo/2013029/
2013,ネクステージ,野村,07/30(火),東M,3186,"1,500-1,700","1,700","2,300","2,600",B,6,"2,846",52,"3.8,34.6,57.7,3.8,0","36.5,46.2,13.5,1.9,1.9","2,011",締切,https://kabu.96ut.com/article/ipo/2013028/
2013,星野リゾート・リート投資法人,野村,07/12(金),東R,3287,490k-510k,"510,000","525,000","525,000",C,5,"532,014",38,"2.8,2.8,33.3,36.1,25","0,0,5.3,86.8,7.9","570,000",締切,https://kabu.96ut.com/article/ipo/2013027/
2013,フォトクリエイト,SBI,07/10(水),東M,6075,"1,470-1,670","1,670","3,674","3,850",A,8,"3,669",38,"23.7,52.6,23.7,0,0","68.4,28.9,2.6,0,0","3,775",締切,https://kabu.96ut.com/article/ipo/2013026/
2013,夢展望,野村,07/10(水),東M,3185,"2,400-2,600","2,600","4,500","5,200",A,8,"4,411",27,"8,60,24,8,0","37,33.3,14.8,14.8,0","5,210",締切,https://kabu.96ut.com/article/ipo/2013025/
2013,サントリー食品インターナショナル,野村/三菱,07/03(水),東1,2587,"3,000-3,800","3,100","3,800","3,400",C,5,"4,145",54,"7.8,13.7,29.4,41.2,7.8","3.7,3.7,3.7,87,1.9","3,120",締切,https://kabu.96ut.com/article/ipo/2013024/
2013,ジェイエスエス,SBI,06/27(木),JQS,6074,850-950,950,"1,050","1,140",C,5,"1,387",34,"3.1,12.5,53.1,25,6.3","11.8,17.6,26.5,41.2,2.9","1,200",締切,https://kabu.96ut.com/article/ipo/2013022/
2013,ＩＣＤＡホールディングス,野村,06/27(木),JQS,3184,"1,800-1,900","1,900","2,650","2,850",B,6,"3,059",23,"4.8,19,66.7,9.5,0","13,47.8,39.1,0,0","3,000",締切,https://kabu.96ut.com/article/ipo/2013021/
2013,リプロセル,日興,06/26(水),JQG,4978,"2,830-3,200","3,200","8,000","9,600",A,8,"12,089",70,"75.4,23.1,1.5,0,0","97.1,1.4,0,0,1.4","17,800",締切,https://kabu.96ut.com/article/ipo/2013023/
2013,横田製作所,みずほ,06/13(木),JQS,6248,700-720,720,"1,008",936,B,6,"1,100",28,"8,12,68,8,4","10.7,14.3,60.7,14.3,0","1,702",締切,https://kabu.96ut.com/article/ipo/2013019/
2013,野村不動産マスターファンド投資法人,野村,06/12(水),東R,3285,92k-100k,"100,000","110,000","120,000",B,6,"113,714",36,"2.9,11.8,50,26.5,8.8","0,2.8,25,66.7,5.5","96,700",締切,https://kabu.96ut.com/article/ipo/2013020/
2013,ペプチドリーム,みずほ,06/11(火),東M,4587,"1,920-2,500","2,500","4,150","5,000",B,6,"5,511",40,"30,55,15,0,0","82.5,17.5,0,0,0","7,900",締切,https://kabu.96ut.com/article/ipo/2013018/
2013,オークファン,日興,04/25(木),東M,3674,"2,280-2,600","2,600","7,500","7,800",S,10,"7,805",51,"76.5,17.6,3.9,2,0","96.1,2,0,1.9,0","10,480",締切,https://kabu.96ut.com/article/ipo/2013017/
2013,サンヨーホームズ,野村,04/09(火),東2,1420,600-700,700,800,"1,050",B,6,919,37,"2.7,13.5,67.6,13.5,2.7","10.8,29.7,45.9,10.8,2.7","1,250",締切,https://kabu.96ut.com/article/ipo/2013016/
2013,タマホーム,大和,03/27(水),東1,1419,870-980,980,"1,470","1,510",B,7,"1,527",32,"6.3,31.3,43.8,15.6,3","6.3,50,34.4,9.3,0","1,700",締切,https://kabu.96ut.com/article/ipo/2013015/
2013,ブロードリーフ,野村,03/22(金),東1,3673,"1,040-1,080","1,080","1,080","1,134",D,3,"1,316",17,"12.5,12.5,6.3,50,18.7","5.9,5.9,11.8,70.6,5.8","1,200",締切,https://kabu.96ut.com/article/ipo/2013014/
2013,ファルテック,大和,03/19(火),東2,7215,"3,750-3,940","3,940","4,360","4,500",C,5,"4,524",12,"8.3,16.7,50,25,0","0,0,25,75,0","4,150",締切,https://kabu.96ut.com/article/ipo/2013013/
2013,アサンテ,三菱,03/19(火),東2,6073,900-930,930,"1,360","1,474",B,7,"1,433",19,"5.3,31.6,52.6,10.5,0","5.3,57.9,26.3,10.5,0","1,034",締切,https://kabu.96ut.com/article/ipo/2013012/
2013,ウォーターダイレクト,野村,03/15(金),東M,2588,"1,000-1,200","1,200","2,400","3,200",A,8,"2,444",14,"23.1,38.5,30.8,0,7.6","71.4,14.3,7.1,7.1,0","3,600",締切,https://kabu.96ut.com/article/ipo/2013011/
2013,鴻池運輸,大和,03/15(金),東1,9025,"980-1,020","1,020","1,250","1,560",B,6,"1,326",20,"5,15,45,30,5","5,20,35,40,0","1,404",締切,https://kabu.96ut.com/article/ipo/2013010/
2013,オルトプラス,野村,03/14(木),東M,3672,"1,400-1,500","1,500","3,750","4,800",S,10,"3,831",21,"50,45,5,0,0","95.2,4.8,0,0,0","4,015",締切,https://kabu.96ut.com/article/ipo/2013008/
2013,オイシックス,みずほ,03/13(水),東M,3182,"1,000-1,200","1,200","2,500","3,800",A,8,"2,773",19,"33.3,55.6,11.1,0,0","84.2,15.8,0,0,0","3,700",締切,https://kabu.96ut.com/article/ipo/2013009/
2013,ソフトマックス,野村,03/12(火),東M,3671,"1,100-1,300","1,300","2,600","3,500",A,8,"2,875",17,"17.6,70.6,11.8,0,0","58.8,23.5,11.8,5.9,0","5,510",締切,https://kabu.96ut.com/article/ipo/2013007/
2013,協立情報通信,みずほ,02/20(水),JQS,3670,"1,450-1,500","1,500","2,600","2,800",A,8,"2,373",19,"10.5,47.4,42.1,0,0","5.3,36.8,36.8,21.1,0","5,000",締切,https://kabu.96ut.com/article/ipo/2013006/
2013,日本プロロジスリート投資法人,日興/三菱/野村,02/14(木),東R,3283,510k-550k,"550,000","558,000","605,000",C,5,"579,238",21,"9.5,23.8,47.6,19,0","0,0,33.3,66.7,0","700,000",締切,https://kabu.96ut.com/article/ipo/2013005/
2013,ビューティガレージ,SBI,02/14(木),東M,3180,"2,100-2,300","2,300","3,680","4,120",A,8,"4,065",22,"28.6,61.9,9.5,0,0","40.9,45.5,13.6,0,0","4,160",締切,https://kabu.96ut.com/article/ipo/2013004/
2013,買取王国,野村,02/14(木),JQS,3181,800-900,900,"1,480","1,480",B,7,"1,209",15,"13.3,0,80,6.7,0","6.7,33.3,53.3,6.7,0","2,000",締切,https://kabu.96ut.com/article/ipo/2013003/
2013,メドレックス,野村,02/13(水),東M,4586,"800-1,000","1,000","1,200","1,400",C,5,"1,052",18,"0,5.9,58.8,23.5,11.8","5.6,22.2,27.8,44.4,0","2,200",締切,https://kabu.96ut.com/article/ipo/2013001/
2013,コンフォリア・レジデンシャル投資法人,みずほ/日興,02/06(水),東R,3282,540k-550k,"550,000","566,500","594,000",B,6,"583,000",16,"6.3,25,50,18.7,0","0,0,12.5,87.5,0","607,000",締切,https://kabu.96ut.com/article/ipo/2013002/
2014,ＭＲＴ,大和,12/26(金),東M,6034,750-800,800,"2,000","2,200",A,9,"2,730",59,"46.4,41.1,10.7,1.8,0","86.4,8.5,0,5.1,0","3,275",締切,https://kabu.96ut.com/article/ipo/2014083/
2014,エクストリーム,大和,12/25(木),東M,6033,"1,320-1,400","1,400","3,900","3,900",A,9,"5,461",43,"57.1,42.9,0,0,0","95.3,2.3,0,2.3,0","5,550",締切,https://kabu.96ut.com/article/ipo/2014084/
2014,カヤック,大和,12/25(木),東M,3904,530-560,560,"1,230","1,230",A,8,"1,678",43,"26.2,59.5,11.9,2.4,0","93,4.7,0,2.3,0","1,803",締切,https://kabu.96ut.com/article/ipo/2014081/
2014,東京ボード工業,東海東京,12/25(木),東2,7815,"1,980-2,180","2,180","1,980","1,980",D,3,"2,175",39,"5.4,0,13.5,18.9,62.2","0,2.6,7.7,84.6,5.1","2,005",締切,https://kabu.96ut.com/article/ipo/2014080/
2014,綿半ホールディングス,みずほ,12/24(水),東2,3199,540-640,640,600,592,C,4,696,41,"2.5,0,15,45,37.5","0,7.3,9.8,78,4.9",680,締切,https://kabu.96ut.com/article/ipo/2014071/
2014,ヨシックス,野村,12/24(水),JQS,3221,"2,490-2,640","2,640","3,200","3,000",B,7,"3,403",40,"5.1,23.1,43.6,23.1,5.1","10,15,35,40,0","3,415",締切,https://kabu.96ut.com/article/ipo/2014077/
2014,データセクション,大和,12/24(水),東M,3905,460-520,520,"1,040","1,040",S,10,"1,772",53,"35.3,47.1,15.7,1.9,0","88.7,9.4,0,1.9,0",900,締切,https://kabu.96ut.com/article/ipo/2014082/
2014,イーレックス,野村,12/22(月),東M,9517,"1,120-1,170","1,170","1,520","1,600",B,7,"2,272",46,"6.8,25,61.4,4.5,2.3","39.1,30.4,19.6,10.9,0","1,301",締切,https://kabu.96ut.com/article/ipo/2014078/
2014,インターワークス,大和,12/22(月),東M,6032,"1,720-1,750","1,750","2,100","2,300",B,6,"2,721",48,"6.8,20.5,65.9,6.8,0","20.8,31.3,35.4,12.5,0","2,043",締切,https://kabu.96ut.com/article/ipo/2014079/
2014,メタウォーター,野村,12/19(金),東1,9551,"2,400-2,550","2,400","2,805","2,500",B,6,"2,898",57,"1.8,10.7,28.6,37.5,21.4","3.5,7,15.8,71.9,1.8","2,256",締切,https://kabu.96ut.com/article/ipo/2014073/
2014,サイジニア,日興,12/19(金),東M,6031,"2,280-2,560","2,560","5,632","6,400",S,10,"6,759",44,"27.9,53.5,18.6,0,0","70.5,22.7,6.8,0,0","5,780",締切,https://kabu.96ut.com/article/ipo/2014072/
2014,gumi,野村,12/18(木),東1,3903,"3,000-3,300","3,300","3,800","3,600",B,7,"3,925",81,"5,20,35,28.8,11.2","1.2,6.2,32.1,58,2.5","3,300",締切,https://kabu.96ut.com/article/ipo/2014074/
2014,アドベンチャー,大和,12/18(木),東M,6030,"2,300-2,500","2,500","4,700","4,500",A,8,"5,118",46,"11.1,57.8,26.7,4.4,0","63,28.3,4.3,4.3,0","5,680",締切,https://kabu.96ut.com/article/ipo/2014067/
2014,大冷,三菱,12/18(木),東2,2883,"1,700-1,800","1,800","1,900","1,780",C,5,"1,861",44,"0,2.3,11.4,27.3,59","2.3,2.3,4.5,90.9,0","1,680",締切,https://kabu.96ut.com/article/ipo/2014068/
2014,フルッタフルッタ,日興,12/17(水),東M,2586,"4,130-4,290","4,290","6,200","6,435",A,8,"7,106",54,"7.7,38.5,42.3,11.5,0","20.4,35.2,29.6,14.8,0","6,500",締切,https://kabu.96ut.com/article/ipo/2014069/
2014,今村証券,みずほ,12/17(水),JQS,7175,"1,150-1,350","1,350","1,300","1,350",C,5,"1,433",44,"0,4.8,16.7,42.9,35.6","0,6.8,9.1,84.1,0","1,720",締切,https://kabu.96ut.com/article/ipo/2014075/
2014,竹本容器,大和,12/17(水),東2,4248,880-900,900,850,850,C,5,959,42,"2.4,2.4,12.2,43.9,39","0,7.1,7.1,85.7,0",918,締切,https://kabu.96ut.com/article/ipo/2014076/
2014,ＳＦＰダイニング,みずほ,12/16(火),東2,3198,"1,740-2,040","1,940","2,000","1,740",C,5,"2,091",52,"0,8,8,22,62","3.8,0,9.6,82.7,3.8","1,620",締切,https://kabu.96ut.com/article/ipo/2014070/
2014,アトラ,野村,12/16(火),東M,6029,690-740,740,"1,010","1,100",B,6,"1,203",44,"2.3,16.3,55.8,23.3,2.3","25,40.9,20.5,13.6,0","1,313",締切,https://kabu.96ut.com/article/ipo/2014063/
2014,マークラインズ,SBI,12/16(火),JQS,3901,"1,780-1,980","1,980","3,600","4,200",A,8,"3,946",44,"9.1,56.8,34.1,0,0","59.1,31.8,6.8,2.3,0","3,510",締切,https://kabu.96ut.com/article/ipo/2014065/
2014,メディカル・データ・ビジョン,日興,12/16(火),東M,3902,"4,980-5,180","5,180","7,770","8,200",A,8,"10,059",49,"37.5,50,12.5,0,0","42.9,44.9,8.2,4,0","12,220",締切,https://kabu.96ut.com/article/ipo/2014066/
2014,Ｕ－ＮＥＸＴ,大和,12/16(火),東M,9418,"2,910-3,000","3,000","3,800","3,800",B,7,"3,716",53,"5.8,11.5,59.6,21.2,1.9","3.8,13.2,39.6,43.4,0","3,950",締切,https://kabu.96ut.com/article/ipo/2014064/
2014,テクノプロ・ホールディングス,野村,12/15(月),東1,6028,"1,800-1,950","1,950","2,040","2,000",C,5,"2,020",67,"0,3,18.2,37.9,40.9","1.5,1.5,9,85.1,2.9","1,852",締切,https://kabu.96ut.com/article/ipo/2014062/
2014,クラウドワークス,大和,12/12(金),東M,3900,720-760,760,"1,600","1,600",A,8,"2,258",62,"24.6,41,31.1,3.3,0","80.6,14.5,4.8,0,0","1,316",締切,https://kabu.96ut.com/article/ipo/2014057/
2014,弁護士ドットコム,野村,12/11(木),東M,6027,"1,050-1,230","1,230","2,200","2,400",A,8,"2,889",68,"7.8,62.5,25,4.7,0","77.9,13.2,8.8,0,0","3,880",締切,https://kabu.96ut.com/article/ipo/2014061/
2014,スノーピーク,日興,12/11(木),東M,7816,"2,150-2,300","2,300","3,225","3,225",B,7,"3,260",52,"2,28,54,14,2","5.8,40.4,46.2,7.6,0","5,390",締切,https://kabu.96ut.com/article/ipo/2014060/
2014,ビーロット,SBI,12/11(木),東M,3452,"1,810-2,010","2,010","5,100","6,000",A,8,"5,748",58,"36.8,47.4,15.8,0,0","91.4,8.6,0,0,0","10,500",締切,https://kabu.96ut.com/article/ipo/2014059/
2014,ＧＭＯＴＥＣＨ,大和,12/11(木),東M,6026,"5,000-5,800","5,800","8,640","11,000",A,8,"11,817",59,"39.3,53.6,7.1,0,0","45.8,49.2,3.4,0,1.6","13,640",締切,https://kabu.96ut.com/article/ipo/2014058/
2014,積水ハウス・リート投資法人,野村,12/03(水),東R,3309,105k-110k,"110,000","130,000","130,000",B,6,"134,335",84,"4,22.7,58.7,14.6,0","2.4,14.3,66.7,16.6,0","135,000",締切,https://kabu.96ut.com/article/ipo/2014056/
2014,トーセイ・リート投資法人,大和,11/27(木),東R,3451,100k-103k,"103,000","124,000","130,000",B,6,"128,284",76,"4.1,24.7,52.1,19.1,0","0,10.5,65.8,22.4,1.3","115,000",締切,https://kabu.96ut.com/article/ipo/2014055/
2014,ＣＲＩ・ミドルウェア,JTG,11/27(木),東M,3698,"2,100-2,400","2,400","5,500","6,000",A,8,"6,922",67,"28.8,56.1,12.1,3,0","88.1,6,0,3,2.9","13,500",締切,https://kabu.96ut.com/article/ipo/2014054/
2014,日本ＰＣサービス,東海東京,11/26(水),名セ,6025,430-480,480,550,660,B,6,580,54,"1.9,9.6,36.5,42.3,9.6","7.4,9.3,38.9,42.6,1.8",805,締切,https://kabu.96ut.com/article/ipo/2014053/
2014,ＳＨＩＦＴ,野村,11/13(木),東M,3697,"1,210-1,300","1,300","2,600","3,200",B,7,"3,102",76,"18.7,54.7,22.7,2.7,1.2","86.8,10.5,0,1.3,1.3","6,000",締切,https://kabu.96ut.com/article/ipo/2014052/
2014,エラン,野村,11/07(金),東M,6099,"1,620-1,750","1,750","1,870","2,100",C,5,"1,932",56,"3.6,9.1,30.9,43.6,12.7","0,10.7,21.4,60.7,7.1","2,980",締切,https://kabu.96ut.com/article/ipo/2014050/
2014,日本ヘルスケア投資法人,大和,11/05(水),東R,3308,148k-150k,"150,000","180,000","188,000",B,7,"187,100",64,"8.1,30.6,51.6,9.7,0","3.1,4.7,35.9,51.6,4.7","222,200",締切,https://kabu.96ut.com/article/ipo/2014051/
2014,アルファポリス,大和,10/30(木),東M,9467,"2,100-2,200","2,200","3,980","3,800",B,7,"3,577",92,"8.1,29.1,34.9,9.3,18.6","21.7,26.1,20.7,14.1,17.4","4,250",締切,https://kabu.96ut.com/article/ipo/2014049/
2014,オプティム,大和,10/22(水),東M,3694,"3,700-4,000","4,000","8,800","8,800",A,8,"9,732",61,"66.1,30.5,3.4,0,0","88.5,9.8,1.6,0,0","14,400",締切,https://kabu.96ut.com/article/ipo/2014048/
2014,セレス,SBI,10/22(水),東M,3696,"1,660-1,860","1,860","4,092","4,092",A,8,"5,477",71,"31.9,58,7.2,2.9,0","81.7,12.7,2.8,2.8,0","2,890",締切,https://kabu.96ut.com/article/ipo/2014046/
2014,ＧＭＯリサーチ,大和,10/21(火),東M,3695,"2,000-2,100","2,100","4,200","4,200",A,8,"4,393",56,"17.6,66.7,13.7,2,0","51.8,35.7,7.1,5.4,0","4,900",締切,https://kabu.96ut.com/article/ipo/2014047/
2014,リクルートホールディングス,野村,10/16(木),東1,6098,"2,800-3,100","3,100","3,080","3,180",C,4,"2,987",97,"0,5.4,21.5,32.3,40.8","0,1,11.3,73.2,14.4","3,170",締切,https://kabu.96ut.com/article/ipo/2014045/
2014,すかいらーく,野村,10/09(木),東1,3197,"1,200-1,450","1,200","1,180","1,180",D,3,"1,267",78,"0,1.3,10.4,28.6,59.7","0,2.6,1.3,52.6,43.5","1,200",締切,https://kabu.96ut.com/article/ipo/2014043/
2014,ヤマシンフィルタ,野村,10/08(水),東2,6240,"2,700-2,800","2,800","2,820","2,800",C,4,"2,820",67,"6.3,9.5,15.9,27,41.3","0,1.5,4.5,92.5,1.5","3,350",締切,https://kabu.96ut.com/article/ipo/2014044/
2014,ホットランド,大和,09/30(火),東M,3196,"2,010-2,110","2,110","2,680","2,040",B,6,"2,573",54,"3.8,7.7,55.8,23.1,9.6","0,9.3,40.7,48.1,1.9","2,074",締切,https://kabu.96ut.com/article/ipo/2014042/
2014,ＦＦＲＩ,野村,09/30(火),東M,3692,"1,340-1,450","1,450","2,900","2,900",A,8,"3,797",41,"30,60,10,0,0","90.2,4.9,0,4.9,0","4,010",締切,https://kabu.96ut.com/article/ipo/2014041/
2014,リボミック,大和,09/25(木),東M,4591,"2,000-2,300","2,300","2,760","2,860",B,6,"3,617",91,"15.7,29.2,31.5,14.6,9","22,19.8,27.5,29.7,1","1,830",締切,https://kabu.96ut.com/article/ipo/2014040/
2014,ジェネレーションパス,野村,09/24(水),東M,3195,"1,090-1,200","1,200","1,560","2,160",B,7,"1,911",44,"7.1,23.8,52.4,11.9,4.8","27.3,36.4,22.7,13.6,0","2,630",締切,https://kabu.96ut.com/article/ipo/2014039/
2014,ＡＭＢＩＴＩＯＮ,SBI,09/19(金),東M,3300,860-960,960,"1,440","1,500",B,7,"1,592",54,"3.9,31.4,49,13.7,2","37,40.7,13,9.3,0","1,555",締切,https://kabu.96ut.com/article/ipo/2014037/
2014,リアルワールド,大和,09/18(木),東M,3691,"2,330-2,530","2,530","3,795","4,100",B,7,"4,714",57,"13,53.7,31.5,1.8,0","24.6,54.4,17.5,3.5,0","4,505",締切,https://kabu.96ut.com/article/ipo/2014038/
2014,ロックオン,野村,09/17(水),東M,3690,"1,200-1,300","1,300","3,500","3,800",A,9,"4,235",62,"35.6,50.8,11.9,1.7,0","96.8,0,1.6,1.6,0","5,000",締切,https://kabu.96ut.com/article/ipo/2014036/
2014,ジャパンインベストメントアドバイザー,SBI,09/11(木),東M,7172,"2,350-2,550","2,550","4,200","5,100",B,7,"5,050",79,"14.5,59.2,23.7,1.3,1.3","54.4,29.1,11.4,5.1,0","5,770",締切,https://kabu.96ut.com/article/ipo/2014035/
2014,日本ビューホテル,大和,07/23(水),東2,6097,"1,900-2,200","2,200","2,000","2,080",C,4,"2,147",56,"0,0,10.9,36.4,52.7","0,0,6.9,87.9,5.2","2,150",締切,https://kabu.96ut.com/article/ipo/2014034/
2014,イグニス,野村,07/15(火),東M,3689,"1,700-1,900","1,900","4,620","5,320",S,10,"5,157",64,"60.3,36.5,3.2,0,0","96.9,3.1,0,0,0","8,400",締切,https://kabu.96ut.com/article/ipo/2014033/
2014,鳥貴族,大和,07/10(木),JQS,3193,"2,590-2,800","2,800","3,500","3,500",B,7,"3,546",61,"3.5,22.8,61.4,12.3,0","3.3,19.7,49.2,27.8,0","6,180",締切,https://kabu.96ut.com/article/ipo/2014032/
2014,ＶＯＹＡＧＥＧＲＯＵＰ,野村,07/02(水),東M,3688,"2,200-2,400","2,400","4,400","4,000",A,8,"4,274",60,"22.4,58.6,17.2,0,1.7","41.7,35,18.3,5,0","3,360",締切,https://kabu.96ut.com/article/ipo/2014031/
2014,メドピア,野村,06/27(金),東M,6095,"3,700-4,000","4,000","8,000","9,100",A,9,"8,319",41,"51.3,38.5,10.2,0,0","78,19.5,2.4,0,0","9,250",締切,https://kabu.96ut.com/article/ipo/2014027/
2014,レアジョブ,大和,06/27(金),東M,6096,"1,080-1,170","1,170","2,340","2,574",A,8,"2,517",47,"18.6,60.5,20.9,0,0","55.3,40.4,2.1,2.1,0","3,155",締切,https://kabu.96ut.com/article/ipo/2014028/
2014,ジャパンケーブルキャスト,大和,06/26(木),東M,9415,"940-1,010",未,"1,800",-,B,7,"3,302",15,"30.8,53.8,7.7,7.7,0","86.7,6.7,0,6.6,0",-,締切,https://kabu.96ut.com/article/ipo/2014029/
2014,ポバール興業,東海東京,06/25(水),名2,4247,930-980,980,"1,078","1,030",B,6,"1,064",42,"2.6,5.3,21.1,52.6,18.4","2.4,2.4,9.5,85.7,0","1,045",締切,https://kabu.96ut.com/article/ipo/2014030/
2014,ＯＡＴアグリオ,大和,06/25(水),東2,4979,"4,000-4,200","4,200","4,000","3,970",D,3,"4,004",43,"0,0,2.4,36.6,61","0,0,0,95.3,4.7","3,935",締切,https://kabu.96ut.com/article/ipo/2014026/
2014,フリークアウト,野村,06/24(火),東M,6094,"1,910-2,000","2,000","4,500","4,500",A,9,"4,376",60,"18.5,72.2,7.4,1.9,0","70,23.3,3.3,3.3,0","7,000",締切,https://kabu.96ut.com/article/ipo/2014025/
2014,ムゲンエステート,いちよし,06/18(水),東M,3299,"1,100-1,200","1,200","1,440","1,440",C,5,"1,491",61,"5.2,1.7,56.9,31,5.2","1.6,8.2,41,49.2,0","1,320",締切,https://kabu.96ut.com/article/ipo/2014024/
2014,ニュートン・フィナンシャル・コンサルティング,みずほ,06/16(月),JQS,7169,"3,000-3,320","3,320","3,440","3,660",C,5,"3,697",64,"4.8,6.5,22.6,46.8,19.3","3.1,4.7,6.3,85.9,0","3,065",締切,https://kabu.96ut.com/article/ipo/2014023/
2014,インベスコ・オフィス・ジェイリート投資法人,日興/野村,06/05(木),東R,3298,100k-103k,"103,000","113,000","113,000",B,6,"119,409",83,"2.6,27.6,63.2,6.6,0","0,4.8,27.7,67.5,0","108,900",締切,https://kabu.96ut.com/article/ipo/2014022/
2014,東武住販,東洋,05/22(木),JQS,3297,"1,050-1,250","1,250","1,510","1,750",B,6,"1,673",52,"4,24,54,18,0","5.8,11.5,51.9,30.8,0","1,400",締切,https://kabu.96ut.com/article/ipo/2014021/
2014,日本リート投資法人,三菱,04/24(木),東R,3296,248k-252k,"252,000","260,000","262,000",B,6,"266,776",58,"3.6,7.3,54.5,34.5,0","0,0,5.2,94.8,0","262,000",締切,https://kabu.96ut.com/article/ipo/2014020/
2014,白鳩,野村,04/23(水),JQS,3192,480-520,520,680,680,B,6,671,58,"5.5,25.5,45.5,20,3.5","3.4,36.2,32.8,25.9,1.7",760,締切,https://kabu.96ut.com/article/ipo/2014019/
2014,フィックスターズ,三菱,04/23(水),東M,3687,"3,350-3,450","3,450","8,970","6,900",A,9,"8,819",59,"48.2,41.1,8.9,0,1.8","93.2,6.8,0,0,0","9,040",締切,https://kabu.96ut.com/article/ipo/2014018/
2014,西武ホールディングス,みずほ,04/23(水),東1,9024,"1,600-1,800","1,600","1,250","1,250",D,1,"1,410",80,"0,0,0,6.7,93.3","0,0,0,13.8,86.2","1,600",締切,https://kabu.96ut.com/article/ipo/2014017/
2014,ジョイフル本田,三菱,04/18(金),東1,3191,"2,450-2,700","2,700","2,600","2,600",C,4,"2,618",56,"0,3.8,17,28.3,50.9","0,0,3.6,91.1,5.3","2,650",締切,https://kabu.96ut.com/article/ipo/2014016/
2014,トレックス・セミコンダクター,野村,04/08(火),JQS,6616,"4,500-5,000","5,000","5,000","4,600",D,3,"5,323",51,"2,8,16,42,32","2,3.9,11.8,80.4,1.9","4,480",締切,https://kabu.96ut.com/article/ipo/2014014/
2014,丸和運輸機関,みずほ,04/08(火),東2,9090,"3,140-3,400","3,400","3,500","3,500",B,6,"3,668",61,"1.6,9.8,37.7,44.3,6.6","0,6.6,18,75.4,0","3,100",締切,https://kabu.96ut.com/article/ipo/2014015/
2014,エスクロー・エージェント・ジャパン,大和,03/28(金),JQS,6093,"2,600-2,700","2,700","6,900","6,900",A,9,"7,508",52,"40,46,14,0,0","80.8,11.5,7.7,0,0","8,090",締切,https://kabu.96ut.com/article/ipo/2014013/
2014,ディー・エル・イー,野村,03/26(水),東M,3686,"1,050-1,200","1,200","2,130","2,130",A,8,"2,105",52,"7.8,56.9,33.3,2,0","69.2,23.1,7.7,0,0","2,412",締切,https://kabu.96ut.com/article/ipo/2014012/
2014,ＣＹＢＥＲＤＹＮＥ,日興,03/26(水),東M,7779,"2,700-3,700","3,700","11,100","9,250",S,10,"11,004",83,"63.4,24.4,11,0,1.2","85.5,6,2.4,3.6,2.4","8,510",締切,https://kabu.96ut.com/article/ipo/2014011/
2014,みんなのウェディング,野村,03/25(火),東M,3685,"2,580-2,800","2,800","4,200","4,200",A,8,"5,322",73,"18.3,49.3,25.4,2.8,4.2","43.8,28.8,15.1,8.2,4.1","3,560",締切,https://kabu.96ut.com/article/ipo/2014009/
2014,ホットマン,日興,03/20(木),JQS,3190,470-520,520,"1,040",700,A,8,"1,113",60,"8.6,51.7,36.2,3.4,0","73.3,20,5,1.7,0",871,締切,https://kabu.96ut.com/article/ipo/2014010/
2014,ジャパンディスプレイ,野村,03/19(水),東1,6740,"900-1,100",900,"1,100",950,C,4,"1,101",71,"1.5,3.1,29.2,40,26.2","0,0,5.6,88.9,5.5",769,締切,https://kabu.96ut.com/article/ipo/2014007/
2014,日立マクセル,日興,03/18(火),東1,6810,"1,990-2,070","2,070","2,050","2,130",D,2,"2,105",60,"0,1.8,12.5,39.3,46.4","0,1.7,3.3,95,0","1,971",締切,https://kabu.96ut.com/article/ipo/2014008/
2014,ダイキョーニシカワ,野村,03/13(木),東1,4246,"1,450-1,600","1,600","1,680","1,800",C,5,"1,743",52,"2.1,2.1,37.5,52.1,6.2","1.9,0,34.6,63.5,0","1,799",締切,https://kabu.96ut.com/article/ipo/2014006/
2014,エンバイオ・ホールディングス,日興,03/12(水),東M,6092,550-580,580,"1,160","1,334",B,7,"1,253",56,"7.5,54.7,32.1,5.7,0","67.9,26.8,5.3,0,0","1,311",締切,https://kabu.96ut.com/article/ipo/2014005/
2014,日本ＢＳ放送,野村,03/12(水),東2,9414,"1,680-1,820","1,820","2,020","2,020",B,6,"2,183",59,"3.5,14,59.6,21.1,1.8","3.4,6.8,40.7,49.1,0","1,940",締切,https://kabu.96ut.com/article/ipo/2014004/
2014,サイバーリンクス,みずほ,03/06(木),JQS,3683,"2,200-2,400","2,400","5,200","5,200",A,9,"5,486",79,"32.1,53.8,14.1,0,0","83.5,8.9,7.6,0,0","6,550",締切,https://kabu.96ut.com/article/ipo/2014003/
2014,アキュセラ・インク(Acucela Inc.),三菱,02/13(木),東M,4589,"1,650-1,800","1,800","2,180","2,700",B,6,"2,494",111,"2.8,27.1,48.6,17.8,3.7","13.5,24.3,38.7,22.5,0.9","2,300",締切,https://kabu.96ut.com/article/ipo/2014001/
2014,ヒューリックリート投資法人,みずほ,02/07(金),東R,3295,103k-108k,"108,000","115,000","115,000",B,6,"111,835",56,"1.8,7.1,51.8,25,14.3","0,3.6,8.9,85.7,1.8","122,000",締切,https://kabu.96ut.com/article/ipo/2014002/
2015,グラフィコ,大和,12/25(金),東M,4930,"1,970-2,160",未,"4,500",-,A,8,"6,114",47,"39.1,43.5,13,0,4.3","76.6,14.9,4.3,2.1,2.1",-,締切,https://kabu.96ut.com/article/ipo/2015099/
2015,一蔵,野村,12/25(金),東2,6186,"1,150-1,210","1,210","1,380","1,300",B,6,"1,425",53,"3.9,5.9,31.4,52.9,5.9","3.8,5.7,24.5,66,0","1,236",締切,https://kabu.96ut.com/article/ipo/2015097/
2015,ソーシャルワイヤー,SBI,12/24(木),東M,3929,"1,480-1,600","1,600","2,750","3,680",B,7,"3,874",60,"24.1,53.4,22.4,0,0","73.3,21.7,3.3,1.7,0","2,511",締切,https://kabu.96ut.com/article/ipo/2015098/
2015,ケイアイスター不動産,大和,12/24(木),東2,3465,"1,130-1,200","1,200","1,300","1,300",C,5,"1,373",62,"3.4,3.4,37.9,32.8,22.4","0,14.5,27.4,56.5,1.6","1,282",締切,https://kabu.96ut.com/article/ipo/2015100/
2015,プロパティエージェント,野村,12/22(火),JQS,3464,"1,360-1,400","1,400","2,100","2,100",B,6,"2,282",46,"6.7,31.1,51.1,11.1,0","21.7,41.3,23.9,13,0","3,010",締切,https://kabu.96ut.com/article/ipo/2015096/
2015,ソネット・メディア・ネットワークス,大和,12/22(火),東M,6185,"2,150-2,300","2,300","3,800","4,600",A,8,"4,443",52,"10.2,61.2,26.5,0,2","48.1,38.5,11.5,1.9,0","5,500",締切,https://kabu.96ut.com/article/ipo/2015091/
2015,ビジョン,みずほ,12/21(月),東M,9416,"1,800-2,000","2,000","2,350","2,200",B,6,"2,754",77,"2.8,20.8,55.6,15.3,5.5","3.9,20.8,45.5,28.6,1.2","2,213",締切,https://kabu.96ut.com/article/ipo/2015094/
2015,マイネット,大和,12/21(月),東M,3928,"1,500-1,680","1,680","2,184","2,300",B,6,"2,876",60,"1.7,43.1,34.5,20.7,0","30,26.7,18.3,25,0","2,005",締切,https://kabu.96ut.com/article/ipo/2015092/
2015,アークン,日興,12/18(金),東M,3927,"1,230-1,360","1,360","3,200","4,080",A,9,"3,816",48,"36.2,51.1,12.7,0,0","93.8,4.2,0,2,0","4,925",締切,https://kabu.96ut.com/article/ipo/2015093/
2015,フリュー,野村,12/18(金),東1,6238,"3,000-3,200","3,200","3,500","3,500",C,5,"3,630",55,"2,3.9,35.3,43.1,15.7","0,1.8,3.6,81.8,12.7","3,220",締切,https://kabu.96ut.com/article/ipo/2015090/
2015,アートグリーン,JTG,12/18(金),名セ,3419,380-420,420,550,550,B,6,613,48,"6.7,15.6,46.7,15.6,15.4","18.8,27.1,31.3,18.8,4",614,締切,https://kabu.96ut.com/article/ipo/2015095/
2015,オープンドア,みずほ,12/17(木),東M,3926,"3,500-3,820","3,820","5,730","5,730",A,8,"6,097",70,"19.1,35.3,36.8,5.9,2.9","15.7,34.3,31.4,15.7,2.9","4,710",締切,https://kabu.96ut.com/article/ipo/2015087/
2015,ミズホメディー,三菱,12/17(木),JQS,4595,"980-1,100","1,100","1,800","1,800",B,7,"2,161",58,"5.3,36.8,49.1,7,1.8","48.3,34.5,8.6,5.2,3.4","2,822",締切,https://kabu.96ut.com/article/ipo/2015088/
2015,ツバキ・ナカシマ,野村,12/16(水),東1,6464,"1,500-1,650","1,550","1,500","1,500",D,3,"1,527",65,"0,0,11.3,32.3,56.4","0,0,6.1,90.9,3","1,620",締切,https://kabu.96ut.com/article/ipo/2015089/
2015,ダブルスタンダード,SBI,12/15(火),東M,3925,"2,030-2,190","2,190","4,500","4,800",A,9,"4,941",83,"29.3,42.7,28,0,0","63.9,26.5,9.6,0,0","5,010",締切,https://kabu.96ut.com/article/ipo/2015086/
2015,ランドコンピュータ,野村,12/11(金),東2,3924,"1,710-1,760","1,760","3,168","3,080",B,7,"3,098",65,"8.2,39.3,47.5,4.9,0","26.2,46.2,21.5,6.1,0","3,580",締切,https://kabu.96ut.com/article/ipo/2015085/
2015,ラクス,みずほ,12/09(水),東M,3923,"920-1,080","1,080","2,800","3,400",A,9,"3,533",66,"38.7,48.4,12.9,0,0","90.9,4.5,3,1.5,0","3,550",締切,https://kabu.96ut.com/article/ipo/2015084/
2015,鎌倉新書,日興,12/04(金),東M,6184,"920-1,000","1,000","2,200","2,300",A,8,"2,322",68,"10.2,54.2,32.2,0,3.4","73.5,20.6,1.5,1.5,2.9","2,806",締切,https://kabu.96ut.com/article/ipo/2015083/
2015,インベスターズクラウド,SBI,12/03(木),東M,1435,"1,730-1,870","1,870","4,000","4,000",A,9,"4,207",106,"22.3,53.4,24.3,0,0","62.3,28.3,6.6,2.8,0","3,615",締切,https://kabu.96ut.com/article/ipo/2015082/
2015,いちごホテルリート投資法人,日興,11/30(月),東R,3463,100k-106k,"106,000","115,000","115,000",C,5,"111,575",94,"1.1,9.2,28.7,47.1,13.8","1.1,3.2,14.9,78.7,2.1","104,100",締切,https://kabu.96ut.com/article/ipo/2015081/
2015,ネオジャパン,日興,11/27(金),東M,3921,"2,710-2,900","2,900","8,000","10,500",S,10,"9,667",95,"73.9,25,1.1,0,0","92.6,3.2,2.1,1.1,1","14,550",締切,https://kabu.96ut.com/article/ipo/2015080/
2015,ベルシステム２４ホールディングス,日興/三菱,11/20(金),東1,6183,"1,500-1,720","1,555","1,700","1,500",D,3,"1,699",87,"2.5,3.7,12.3,24.7,56.8","3.4,2.3,3.4,82.8,8","1,478",締切,https://kabu.96ut.com/article/ipo/2015079/
2015,ロゼッタ,日興,11/19(木),東M,6182,645-695,695,"1,400","2,100",A,8,"1,758",80,"20.5,59,20.5,0,0","75,17.5,6.3,1.2,0","3,705",締切,https://kabu.96ut.com/article/ipo/2015077/
2015,あんしん保証,SBI,11/19(木),東M,7183,"1,320-1,460","1,460","2,800","3,400",A,8,"3,737",83,"28.6,57.1,14.3,0,0","72.3,19.3,6,0,2.4","5,730",締切,https://kabu.96ut.com/article/ipo/2015078/
2015,日本郵政,野村/三菱/大和/みずほ/日興/岡三/東海東京,11/04(水),東1,6178,"1,100-1,400","1,400","1,500","1,520",B,6,"1,596",123,"3.3,13.2,45.5,29.8,8.2","4.9,0.8,25.2,67.5,1.6","1,631",締切,https://kabu.96ut.com/article/ipo/2015070/
2015,かんぽ生命保険,野村/三菱/大和/みずほ/日興/岡三/東海東京,11/04(水),東1,7181,"1,900-2,200","2,200","2,300","2,500",C,5,"2,436",71,"4.3,8.7,27.5,44.9,14.5","2.8,1.4,9.9,84.5,1.4","2,929",締切,https://kabu.96ut.com/article/ipo/2015071/
2015,ゆうちょ銀行,野村/三菱/大和/みずほ/日興/岡三/東海東京,11/04(水),東1,7182,"1,250-1,450","1,450","1,600","1,650",B,6,"1,618",100,"5.2,14.4,43.3,29.9,7.2","3,0,17,80,0","1,680",締切,https://kabu.96ut.com/article/ipo/2015072/
2015,バルニバービ,日興,10/28(水),東M,3418,"2,350-2,500","2,500","3,000","4,000",A,8,"3,201",47,"6.5,28.3,54.3,10.9,0","4.3,12.8,51.1,31.8,0","5,750",締切,https://kabu.96ut.com/article/ipo/2015076/
2015,パートナーエージェント,日興,10/27(火),東M,6181,"1,160-1,260","1,260","2,050","2,550",A,8,"2,349",55,"9.3,59.3,27.8,3.6,0","34.5,54.5,7.3,3.6,0","4,000",締切,https://kabu.96ut.com/article/ipo/2015075/
2015,ＧＭＯメディア,大和,10/23(金),東M,6180,"2,500-2,740","2,740","4,800","5,200",A,8,"5,275",62,"27.9,55.7,14.8,0,1.6","30.6,46.8,21,1.6,0","5,510",締切,https://kabu.96ut.com/article/ipo/2015073/
2015,グリーンペプタイド,みずほ,10/22(木),東M,4594,450-550,450,500,415,D,2,555,71,"0,4.3,14.5,26.1,55.1","4.2,0,4.2,60.6,31",414,締切,https://kabu.96ut.com/article/ipo/2015074/
2015,ＡｐｐＢａｎｋ,野村,10/15(木),東M,6177,"1,140-1,200","1,200","2,200","2,000",A,8,"2,569",67,"19.7,43.9,28.8,7.6,0","53.7,26.9,11.9,7.5,0","1,750",締切,https://kabu.96ut.com/article/ipo/2015069/
2015,ブランジスタ,大和,09/17(木),東M,6176,400-450,450,650,800,A,8,779,79,"9.1,45.5,32.5,7.8,5.1","26.6,38,26.6,5.1,3.7",647,締切,https://kabu.96ut.com/article/ipo/2015068/
2015,ネットマーケティング,SBI,09/16(水),東M,6175,"1,040-1,140","1,140",未,-,,,"2,374",24,"0,33.3,25,16.7,25","25,25,16.7,20.8,12.5",-,締切,https://kabu.96ut.com/article/ipo/2015067/
2015,アイビーシー,野村,09/15(火),東M,3920,"2,840-2,920","2,920","6,200","6,200",A,9,"6,479",55,"25.5,52.9,17.6,2,2","54.5,32.7,5.5,3.6,3.6","10,250",締切,https://kabu.96ut.com/article/ipo/2015066/
2015,ピクスタ,野村,09/14(月),東M,3416,"1,830-1,870","1,870","2,810","2,810",A,8,"3,169",51,"10,50,36,2,2","19.6,49,17.6,9.8,3.9","2,521",締切,https://kabu.96ut.com/article/ipo/2015065/
2015,ＪＥＳＣＯホールディングス,野村,09/08(火),東2,1434,510-540,540,590,530,C,5,582,41,"2.5,2.5,27.5,45,22.5","0,4.9,24.4,70.7,0",569,締切,https://kabu.96ut.com/article/ipo/2015064/
2015,ベステラ,東海東京,09/02(水),東M,1433,"2,400-2,500","2,500","3,800","3,000",B,7,"3,944",52,"6.8,36.4,52.3,4.5,0","19.2,32.7,30.8,17.3,0","3,125",締切,https://kabu.96ut.com/article/ipo/2015062/
2015,ＳＴＵＤＩＯＵＳ,日興,09/02(水),東M,3415,"2,770-2,870","2,870","4,200","3,500",B,7,"4,457",44,"4.9,56.1,36.6,2.4,0","18.2,36.4,31.8,13.6,0","3,440",締切,https://kabu.96ut.com/article/ipo/2015063/
2015,アクアライン,いちよし,08/31(月),東M,6173,"1,150-1,250","1,250","1,800","1,600",B,7,"2,028",48,"11.1,24.4,62.2,2.2,0","20.8,41.7,31.3,6.2,0","1,521",締切,https://kabu.96ut.com/article/ipo/2015061/
2015,メタップス,日興,08/28(金),東M,6172,"3,000-3,300","3,300","3,500","3,000",C,5,"3,678",82,"7.5,15,16.3,25,36.2","2.4,8.5,12.2,70.7,6.1","3,040",締切,https://kabu.96ut.com/article/ipo/2015058/
2015,ラクト・ジャパン,野村,08/28(金),東2,3139,"1,300-1,400","1,400","1,600","1,400",B,6,"1,680",61,"5.1,10.2,47.5,35.6,1.6","0,18,42.6,39.3,0","1,400",締切,https://kabu.96ut.com/article/ipo/2015059/
2015,土木管理総合試験所,野村,08/26(水),東2,6171,"1,200-1,250","1,250","1,450","1,200",B,6,"1,515",57,"1.8,9.1,45.5,36.4,7.2","3.5,7,31.6,57.9,0","1,220",締切,https://kabu.96ut.com/article/ipo/2015060/
2015,パルマ,いちよし,08/11(火),東M,3461,"1,250-1,350","1,350","1,750","2,025",B,6,"2,694",50,"10.4,31.3,41.7,16.6,0","48,18,18,14,2","2,302",締切,https://kabu.96ut.com/article/ipo/2015057/
2015,リッチメディア,みずほ,08/10(月),東M,6170,"2,330-2,430","2,430","6,000",-,A,8,"8,497",52,"62.7,25.5,5.9,3.9,2","86.5,7.7,3.8,0,1.9",-,締切,https://kabu.96ut.com/article/ipo/2015056/
2015,エスケーホーム,岡三,08/05(水),福Q,1431,740-800,800,960,"1,060",B,6,"1,123",48,"2.2,11.1,64.4,17.8,4.4","20.8,27.1,35.4,14.6,2.1",910,締切,https://kabu.96ut.com/article/ipo/2015055/
2015,ＰＣＩホールディングス,みずほ,08/04(火),東M,3918,"2,330-2,530","2,530","5,800","5,800",A,9,"7,611",54,"49,43.1,5.9,2,0","85.2,7.4,3.7,3.7,0","6,820",締切,https://kabu.96ut.com/article/ipo/2015054/
2015,イトクロ,日興,07/30(木),東M,6049,"1,630-1,930","1,930","2,700","2,480",A,8,"2,996",76,"8.6,34.3,47.1,10,0","10.5,36.8,30.3,22.4,0","2,010",締切,https://kabu.96ut.com/article/ipo/2015053/
2015,デクセリアルズ,大和,07/29(水),東1,4980,"1,450-1,600","1,600","1,630","1,680",C,5,"1,689",85,"3.6,2.4,19.3,39.8,34.9","1.2,4.7,11.8,77.6,4.7","1,550",締切,https://kabu.96ut.com/article/ipo/2015051/
2015,ジャパン・シニアリビング投資法人,野村,07/29(水),東R,3460,180k-200k,"190,000","230,000","210,000",B,6,"229,655",84,"3.7,18.5,49.4,19.8,8.6","0,1.2,37.6,60,1.2","170,000",締切,https://kabu.96ut.com/article/ipo/2015052/
2015,アイリッジ,野村,07/16(木),東M,3917,"1,150-1,200","1,200","3,600","3,600",A,9,"4,549",62,"44.1,39,15.3,1.6,0","90.3,4.8,0,4.8,0","6,350",締切,https://kabu.96ut.com/article/ipo/2015050/
2015,平山,みずほ,07/10(金),JQS,7781,"2,030-2,130","2,130","2,760","3,000",B,7,"3,197",59,"8.9,16.1,62.5,12.5,0","8.5,37.3,42.4,10.2,1.6","2,758",締切,https://kabu.96ut.com/article/ipo/2015049/
2015,クレステック,三菱,07/08(水),JQS,7812,910-960,960,"1,600","1,500",A,8,"1,979",55,"13.5,34.6,51.9,0,0","47.3,43.6,7.3,1.8,0","1,751",締切,https://kabu.96ut.com/article/ipo/2015048/
2015,富士山マガジンサービス,みずほ,07/07(火),東M,3138,"2,500-2,650","2,650","6,000","6,000",A,8,"6,930",64,"34.4,52.5,6.6,4.9,1.6","71.9,18.8,3.1,6.2,0","6,000",締切,https://kabu.96ut.com/article/ipo/2015047/
2015,サムティ・レジデンシャル投資法人,大和,06/30(火),東R,3459,100k-102k,"102,000","128,000","132,000",B,6,"133,684",98,"5.3,33.7,52.6,7.4,1","2,9.2,72.4,16.3,0","99,000",締切,https://kabu.96ut.com/article/ipo/2015046/
2015,ナガオカ,日興,06/29(月),JQS,6239,"1,440-1,600","1,600","1,860","2,400",B,6,"1,934",52,"6,10,48,34,2","3.8,7.7,48.1,40.4,0","2,250",締切,https://kabu.96ut.com/article/ipo/2015045/
2015,冨士ダイス,野村,06/25(木),東2,6167,500-530,530,495,550,D,3,552,59,"0,5.3,12.3,35.1,47.3","1.7,3.4,11.9,81.4,1.6",800,締切,https://kabu.96ut.com/article/ipo/2015044/
2015,メニコン,大和/三菱,06/25(木),東1,7780,"1,630-1,700","1,700","1,850","2,200",B,6,"1,928",60,"1.7,13.6,57.6,27.1,0","0,3.3,16.7,80,0","2,950",締切,https://kabu.96ut.com/article/ipo/2015043/
2015,ファンデリー,日興,06/25(木),東M,3137,725-765,765,"1,080","1,530",B,7,"1,390",55,"9.3,35.2,53.7,1.8,0","36.4,43.6,18.2,1.8,0","1,546",締切,https://kabu.96ut.com/article/ipo/2015042/
2015,中村超硬,野村,06/24(水),東M,6166,"1,640-1,700","1,700","1,640","1,700",C,4,"1,645",60,"1.8,1.8,3.5,35.1,57.8","0,1.7,0,95,3.3","1,901",締切,https://kabu.96ut.com/article/ipo/2015040/
2015,エコノス,岡三,06/24(水),札ア,3136,550-600,600,620,750,C,5,718,60,"3.6,8.9,26.8,51.8,8.9","6.7,13.3,31.7,48.3,0","1,320",締切,https://kabu.96ut.com/article/ipo/2015041/
2015,デジタル・インフォメーション・テクノロジー,SMBC,06/18(木),JQS,3916,"1,200-1,300","1,300","2,990","3,050",A,8,"3,468",62,"21.7,63.3,13.3,0,1.7","80.6,12.9,4.8,0,1.6","4,500",締切,https://kabu.96ut.com/article/ipo/2015038/
2015,マーケットエンタープライズ,日興,06/17(水),東M,3135,"1,430-1,500","1,500","3,000","3,200",A,8,"3,915",71,"17.1,74.3,8.6,0,0","90.1,7,2.8,0,0","4,005",締切,https://kabu.96ut.com/article/ipo/2015039/
2015,スマートバリュー,大和,06/16(火),JQS,9417,"1,500-1,580","1,580","3,634","4,200",A,9,"4,370",84,"29.6,53.1,14.8,2.5,0","79.8,14.3,3.6,2.3,0","7,030",締切,https://kabu.96ut.com/article/ipo/2015037/
2015,ヘリオス,野村,06/16(火),東M,4593,"1,100-1,200","1,200","1,300","1,300",C,4,"1,472",110,"1.8,2.7,23.6,51.8,20","2.7,1.8,8,63.4,24.1","1,470",締切,https://kabu.96ut.com/article/ipo/2015036/
2015,テラスカイ,大和,04/30(木),東M,3915,"1,580-1,700","1,700","4,760","5,120",A,9,"5,520",90,"57.5,34.5,8,0,0","94.4,3.3,2.2,0,0","7,650",締切,https://kabu.96ut.com/article/ipo/2015034/
2015,デザインワン・ジャパン,みずほ,04/30(木),東M,6048,"2,450-2,750","2,750","4,400","4,400",A,8,"4,913",77,"18.7,53.3,26.7,0,1.3","22.1,50.6,24.7,1.3,1.3","4,150",締切,https://kabu.96ut.com/article/ipo/2015035/
2015,ジグソー,日興,04/28(火),東M,3914,"2,090-2,390","2,390","3,585","4,150",B,7,"4,550",70,"19.4,56.7,23.9,0,0","58.6,35.7,5.7,0,0","8,040",締切,https://kabu.96ut.com/article/ipo/2015033/
2015,Gunosy,野村,04/28(火),東M,6047,"1,460-1,520","1,520","1,460","1,500",D,2,"1,578",97,"3.4,3.4,5.6,37.1,50.5","2.1,6.2,2.1,82.5,7.1","1,520",締切,https://kabu.96ut.com/article/ipo/2015032/
2015,リンクバル,SMBC,04/28(火),東M,6046,"2,100-2,400","2,400","3,360","3,600",B,7,"4,062",84,"9.9,48.1,38.3,3.7,0","29.8,38.1,23.8,8.3,0","3,070",締切,https://kabu.96ut.com/article/ipo/2015030/
2015,レントラックス,SBI,04/24(金),東M,6045,"1,630-1,750","1,750","2,450","2,625",B,7,"3,237",86,"11.8,34.1,43.5,7.1,3.5","23.3,27.9,29.1,19.7,0","2,680",締切,https://kabu.96ut.com/article/ipo/2015031/
2015,三機サービス,野村,04/24(金),JQS,6044,"1,440-1,540","1,540","1,694","1,694",C,5,"1,650",74,"1.4,0,28.2,57.7,12.7","0,0,8.1,87.8,4.1","2,112",締切,https://kabu.96ut.com/article/ipo/2015029/
2015,日本スキー場開発,野村,04/22(水),東M,6040,"3,330-3,570","3,570","3,600","3,550",C,4,"3,539",88,"2.4,1.2,14.6,50,31.7","0,0,10.2,86.4,3.4","3,925",締切,https://kabu.96ut.com/article/ipo/2015027/
2015,シーアールイー,日興,04/21(火),東2,3458,"3,450-3,620","3,620","3,500","3,450",C,4,"3,656",76,"5.6,2.8,8.3,51.4,31.9","0,0,5.3,94.7,0","3,355",締切,https://kabu.96ut.com/article/ipo/2015028/
2015,Ｈａｍｅｅ,みずほ,04/20(月),東M,3134,"2,230-2,530","2,530","3,900","4,500",B,7,"4,401",87,"8.6,56.8,30.9,3.7,0","23,54,13.8,9.2,0","4,230",締切,https://kabu.96ut.com/article/ipo/2015026/
2015,海帆,野村,04/17(金),東M,3133,"950-1,020","1,020","1,360","1,460",B,7,"1,417",92,"3.4,23.9,55.7,17,0","7.6,33.7,42.4,16.3,0","1,800",締切,https://kabu.96ut.com/article/ipo/2015025/
2015,サンバイオ,野村,04/08(水),東M,4592,"1,600-2,000","2,000","1,400","1,800",D,1,"2,272",116,"8.2,17.3,7.3,13.6,53.6","11.2,5.2,9.5,44.8,29.3","1,710",締切,https://kabu.96ut.com/article/ipo/2015024/
2015,sMedio,日興,03/27(金),東M,3913,"2,400-2,520","2,520","3,900","5,200",B,7,"4,459",60,"13.8,44.8,41.4,0,0","35,48.3,11.7,5,0","4,000",締切,https://kabu.96ut.com/article/ipo/2015023/
2015,日本動物高度医療センター,日興,03/26(木),東M,6039,"1,080-1,130","1,130","1,750","1,900",B,7,"2,390",75,"8.3,38.9,41.7,9.7,1.4","50.7,33.3,10.7,5.3,0","1,630",締切,https://kabu.96ut.com/article/ipo/2015021/
2015,プラッツ,大和,03/26(木),東M,7813,"3,000-3,260","3,260","4,890","4,890",B,7,"5,603",70,"17.6,33.8,38.2,10.3,0","25.7,35.7,22.9,15.7,0","5,550",締切,https://kabu.96ut.com/article/ipo/2015020/
2015,モバイルファクトリー,SBI,03/26(木),東M,3912,"1,310-1,410","1,410","2,820","2,820",A,9,"3,422",82,"26.7,56,17.3,0,0","85.4,13.4,1.2,0,0","2,812",締切,https://kabu.96ut.com/article/ipo/2015018/
2015,Aiming,野村,03/25(水),東M,3911,900-920,920,920,920,C,4,"1,124",84,"1.2,12.3,24.7,44.4,17.3","8.3,8.3,20.2,63.1,0","1,032",締切,https://kabu.96ut.com/article/ipo/2015017/
2015,ハウスドゥ,日興,03/25(水),東M,3457,"3,430-3,600","3,600","5,200","4,800",A,8,"5,299",68,"6.1,37.9,50,6,0","10.3,36.8,39.7,13.2,0","5,300",締切,https://kabu.96ut.com/article/ipo/2015019/
2015,シンデン・ハイテックス,日興,03/25(水),JQS,3131,"2,640-2,740","2,740","2,650","2,840",C,4,"3,702",59,"1.7,27.6,43.1,20.7,6.9","10.2,20.3,28.8,40.7,0","3,075",締切,https://kabu.96ut.com/article/ipo/2015022/
2015,ファーストコーポレーション,みずほ,03/24(火),東M,1430,"1,530-1,600","1,600","2,720","2,000",A,8,"2,660",67,"7.7,33.8,55.4,1.5,1.5","19.4,47.8,29.9,2.9,0","2,000",締切,https://kabu.96ut.com/article/ipo/2015016/
2015,イード,野村,03/24(火),東M,6038,"1,300-1,400","1,400","2,520","2,520",A,8,"3,133",72,"15.9,49.3,31.9,2.9,0","63.9,29.2,4.2,2.7,0","2,050",締切,https://kabu.96ut.com/article/ipo/2015015/
2015,ＲＳＴｅｃｈｎｏｌｏｇｉｅｓ,SBI,03/24(火),東M,3445,"2,550-2,750","2,750","2,750","2,550",D,3,"3,073",100,"0,9.6,22.3,28.7,39.4","6,3,11,78,2","2,100",締切,https://kabu.96ut.com/article/ipo/2015013/
2015,ショーケース・ティービー,野村,03/19(木),東M,3909,"1,680-1,800","1,800","3,600","3,600",A,9,"4,512",89,"23.3,62.8,12.8,1.1,0","80.9,18,1.1,0,0","5,290",締切,https://kabu.96ut.com/article/ipo/2015008/
2015,ヒューマンウェブ,日興,03/19(木),東M,3224,"1,700-1,800","1,800","2,100","2,500",B,6,"2,460",84,"2.5,15.2,59.5,22.8,0","8.3,28.6,33.3,29.8,0","2,010",締切,https://kabu.96ut.com/article/ipo/2015011/
2015,エスエルディー,みずほ,03/19(木),JQS,3223,"1,500-1,650","1,650","2,600","2,800",B,7,"2,568",74,"6.9,25,55.6,12.5,0","14.9,35.1,32.4,17.6,0","1,903",締切,https://kabu.96ut.com/article/ipo/2015012/
2015,ヘルスケア＆メディカル投資法人,日興,03/19(木),東R,3455,100k-110k,"110,000","140,000","140,000",B,7,"145,026",107,"6.8,47.6,39.8,5.8,0","0.9,29.9,63.6,3.7,1.9","170,000",締切,https://kabu.96ut.com/article/ipo/2015014/
2015,エムケイシステム,岡三,03/17(火),JQS,3910,"3,300-3,500","3,500","8,050","8,750",S,10,"8,652",91,"47.2,46.1,6.7,0,0","85.7,9.9,3.3,1.1,0","15,120",締切,https://kabu.96ut.com/article/ipo/2015010/
2015,コラボス,日興,03/17(火),東M,3908,"3,260-3,620","3,620","7,600","8,326",A,9,"9,306",95,"50,39.4,10.6,0,0","77.9,12.6,5.3,3.2,1","8,600",締切,https://kabu.96ut.com/article/ipo/2015009/
2015,シリコンスタジオ,みずほ,02/23(月),東M,3907,"4,200-4,900","4,900","8,400","8,400",S,10,"9,801",101,"36.7,50,13.3,0,0","40.6,39.6,12.9,6.9,0","9,900",締切,https://kabu.96ut.com/article/ipo/2015007/
2015,ホクリヨウ,野村,02/20(金),東2,1384,430-460,460,500,480,C,5,493,98,"1,3.1,19.8,43.8,32.3","3.1,1,5.1,87.8,3",501,締切,https://kabu.96ut.com/article/ipo/2015003/
2015,ALBERT,SBI,02/19(木),東M,3906,"2,600-2,800","2,800","6,440","6,000",A,9,"7,298",111,"50.5,43.9,5.6,0,0","93.7,2.7,3.6,0,0","6,040",締切,https://kabu.96ut.com/article/ipo/2015004/
2015,ファーストブラザーズ,野村,02/18(水),東M,3454,"1,920-2,040","2,040","1,980","1,876",C,4,"2,426",98,"6.2,3.1,17.5,28.9,44.3","5.1,6.1,3.1,60.2,25.5","2,090",締切,https://kabu.96ut.com/article/ipo/2015005/
2015,ファーストロジック,大和,02/18(水),東M,6037,"1,600-1,770","1,770","2,655","2,800",B,7,"3,351",96,"5.5,57.1,31.9,3.3,2.2","34.4,38.5,18.8,8.3,0","2,700",締切,https://kabu.96ut.com/article/ipo/2015006/
2015,KeePer技研,東海東京,02/12(木),東M,6036,"2,000-2,120","2,120","3,120","3,800",B,7,"3,479",124,"5,49.2,40,5.8,0","14.5,53.2,24.2,8.1,0","3,160",締切,https://kabu.96ut.com/article/ipo/2015001/
2015,ケネディクス商業リート投資法人,日興,02/10(火),東R,3453,220k-230k,"230,000","245,000","242,000",B,6,"231,160",152,"0.7,13,52.1,21.9,12.3","0,0.6,33.8,59.7,5.8","260,500",締切,https://kabu.96ut.com/article/ipo/2015002/
2016,ティビィシィ・スキヤツト,SMBC,12/27(火),JQS,3974,"1,300-1,400","1,400","3,800","4,500",A,9,"4,065",51,"34,51.1,10.6,2.1,2.1","96.1,2,1.9,0,0","4,500",締切,https://kabu.96ut.com/article/ipo/2016094/
2016,エイトレッド,大和,12/22(木),東M,3969,"1,700-1,800","1,800","4,500","4,500",A,9,"4,372",66,"33.9,56.5,9.6,0,0","80.3,15.2,4.5,0,0","4,210",締切,https://kabu.96ut.com/article/ipo/2016092/
2016,フォーライフ,みずほ,12/22(木),東M,3477,"2,180-2,280","2,280","2,964","3,000",B,6,"3,283",55,"7.7,21.2,59.6,11.5,0","7.3,16.4,56.4,19.9,0","3,000",締切,https://kabu.96ut.com/article/ipo/2016091/
2016,イノベーション,日興,12/21(水),東M,3970,"2,570-2,770","2,770","6,500","7,500",A,9,"7,251",61,"50.8,37.3,10.2,0,1.7","75.4,19.7,4.9,0,0","8,700",締切,https://kabu.96ut.com/article/ipo/2016093/
2016,セグエグループ,みずほ,12/21(水),JQS,3968,"1,600-1,700","1,700","3,400","4,000",A,9,"4,302",57,"33.3,51.9,11.1,1.9,1.8","80.7,12.3,1.8,5.2,0","5,500",締切,https://kabu.96ut.com/article/ipo/2016087/
2016,グレイステクノロジー,東海東京,12/21(水),東M,6541,"3,000-3,100","3,100","4,650","5,000",B,7,"5,108",53,"15.7,43.1,37.3,3.9,0","18.9,52.8,26.4,1.9,0","7,130",締切,https://kabu.96ut.com/article/ipo/2016089/
2016,リネットジャパングループ,SBI,12/20(火),東M,3556,"1,690-1,830","1,830","2,745","2,745",B,7,"2,813",57,"9.1,32.7,43.6,12.7,1.8","17.5,56.1,12.3,14,0","3,530",締切,https://kabu.96ut.com/article/ipo/2016090/
2016,船場,野村,12/19(月),東2,6540,"1,200-1,290","1,290","1,290","1,230",D,3,"1,260",58,"0,1.8,10.9,41.8,45.5","0,0,0,96.6,3.4","1,193",締切,https://kabu.96ut.com/article/ipo/2016088/
2016,ＺＭＰ,日興,12/19(月),東M,7316,"760-1,040",未,"2,800",-,S,10,"3,348",105,"50.5,39.6,6.9,3,0","89.5,4.8,1.9,3.8,0",-,締切,https://kabu.96ut.com/article/ipo/2016086/
2016,日本モーゲージサービス,みずほ,12/19(月),JQS,7192,"1,810-2,010","2,010","2,500","2,600",B,7,"3,081",62,"5.1,25.4,57.6,11.9,0","4.8,38.7,46.8,9.7,0","2,810",締切,https://kabu.96ut.com/article/ipo/2016085/
2016,シンシア,SBI,12/16(金),東M,7782,"1,940-2,100","2,100","2,250","2,300",C,5,"2,383",66,"1.6,3.2,29,46.8,19.4","1.5,6.1,10.6,81.8,0","1,950",締切,https://kabu.96ut.com/article/ipo/2016082/
2016,投資法人みらい,野村,12/16(金),東R,3476,183k-185k,"183,000","185,000","176,600",D,3,"180,172",67,"0,0,0,20.6,79.4","0,0,0,95.5,4.5","176,000",締切,https://kabu.96ut.com/article/ipo/2016084/
2016,ＭＳ－Ｊａｐａｎ,野村,12/15(木),東M,6539,"1,960-2,080","2,080","2,200","2,200",C,5,"2,310",67,"3.2,6.3,19,57.1,14.3","1.5,7.5,14.9,76.1,0","2,200",締切,https://kabu.96ut.com/article/ipo/2016083/
2016,キャリアインデックス,SBI,12/14(水),東M,6538,"5,720-6,060","6,060","6,200","6,400",C,5,"6,860",81,"3.9,9.1,6.5,55.8,24.7","2.5,6.2,4.9,86.4,0","6,150",締切,https://kabu.96ut.com/article/ipo/2016081/
2016,グッドコムアセット,野村,12/08(木),JQS,3475,"1,850-1,950","1,950","2,050","2,250",C,5,"2,301",70,"3,1.5,42.4,47,6.1","0,10,37.1,52.9,0","2,582",締切,https://kabu.96ut.com/article/ipo/2016079/
2016,イントラスト,みずほ,12/07(水),東M,7191,570-630,630,830,"1,050",B,7,"1,003",95,"5.6,17.8,62.2,12.2,2.2","15.8,35.8,38.9,8.4,1.1",854,締切,https://kabu.96ut.com/article/ipo/2016080/
2016,いちごグリーンインフラ投資法人,みずほ,12/01(木),東イ,9282,95k-100k,"100,000","95,000","96,000",D,3,"94,769",68,"1.5,0,6.1,24.2,68.2","0,0,1.4,92.8,5.8","96,100",締切,https://kabu.96ut.com/article/ipo/2016078/
2016,ＪＭＣ,野村,11/29(火),東M,5704,920-960,960,"1,440","1,700",B,7,"1,686",77,"2.8,35.2,53.5,7,1.4","25.6,56.4,10.3,5.1,2.6","1,816",締切,https://kabu.96ut.com/article/ipo/2016075/
2016,エルテス,SBI,11/29(火),東M,3967,"1,650-1,790","1,790","4,340","5,000",A,9,"4,913",102,"55.1,38.8,3.1,2,1","91.2,5.9,1,1,0.9","6,510",締切,https://kabu.96ut.com/article/ipo/2016077/
2016,スタジオアタオ,日興,11/29(火),東M,3550,"2,930-3,030","3,030","3,200","3,200",C,5,"3,113",77,"1.4,4.1,16.2,62.2,16.1","0,1.3,3.9,94.8,0","3,810",締切,https://kabu.96ut.com/article/ipo/2016076/
2016,ＷＡＳＨハウス,野村,11/22(火),東M,6537,"2,090-2,300","2,300","2,560","2,760",B,6,"2,497",89,"1.2,17.1,37.8,41.5,2.4","0,5.6,30.3,64,0","3,240",締切,https://kabu.96ut.com/article/ipo/2016074/
2016,フィル・カンパニー,SBI,11/18(金),東M,3267,"1,190-1,310","1,310","3,200","2,800",A,9,"2,846",125,"17.2,58.2,20.5,4.1,0","73.6,18.4,4.8,2.4,0.8","4,000",締切,https://kabu.96ut.com/article/ipo/2016073/
2016,バロックジャパンリミテッド,大和,11/01(火),東1,3548,"2,000-2,240","2,000","2,000","1,900",D,2,"1,999",80,"0,0,2.7,10.8,86.5","0,0,1.3,91.3,7.4","1,900",締切,https://kabu.96ut.com/article/ipo/2016072/
2016,岐阜造園,東海東京,11/01(火),名2,1438,"1,000-1,150","1,150","1,200","1,200",C,5,"1,246",84,"2.5,6.2,40.7,40.7,9.9","1.2,8.3,57.1,33.3,0","1,191",締切,https://kabu.96ut.com/article/ipo/2016071/
2016,アイモバイル,SBI,10/27(木),東M,6535,"1,220-1,320","1,320","1,420","1,320",C,5,"1,378",129,"0.8,8.8,25.6,43.2,21.6","1.6,3.1,13.2,82.1,0","1,230",締切,https://kabu.96ut.com/article/ipo/2016070/
2016,九州旅客鉄道,三菱/野村/JPモ/日興,10/25(火),東1,9142,"2,400-2,600","2,600","2,800","3,200",B,6,"3,084",255,"4.9,37.8,47.2,8.5,1.6","1.6,5.9,51,40.4,1.1","3,100",締切,https://kabu.96ut.com/article/ipo/2016068/
2016,ユーザベース,みずほ,10/21(金),東M,3966,"2,190-2,510","2,510","2,800","2,800",C,5,"2,692",86,"2.4,3.7,26.8,54.9,12.2","0,1.2,7,88.4,3.4","2,908",締切,https://kabu.96ut.com/article/ipo/2016069/
2016,マーキュリアインベストメント,日興,10/17(月),東2,7190,"1,400-1,450","1,450","1,480","1,450",C,4,"1,540",67,"3.2,0,4.8,47.6,44.4","1.5,0,1.5,94,3","1,390",締切,https://kabu.96ut.com/article/ipo/2016067/
2016,ＫＨネオケム,みずほ,10/12(水),東1,4189,"1,330-1,670","1,380","1,330","1,306",D,2,"1,413",85,"2.4,2.4,3.6,13.3,78.3","2.3,2.3,1.2,41.9,52.3","1,306",締切,https://kabu.96ut.com/article/ipo/2016066/
2016,キャピタル・アセット・プランニング,野村,10/07(金),JQS,3965,"1,960-2,000","2,000","6,000","5,500",A,9,"5,925",63,"47.5,36.1,11.5,4.9,0","87.3,9.5,1.6,1.6,0","4,600",締切,https://kabu.96ut.com/article/ipo/2016065/
2016,Ｇ－ＦＡＣＴＯＲＹ,日興,09/30(金),東M,3474,"3,080-3,240","3,240","4,860","4,860",B,7,"5,050",59,"5.4,46.4,46.4,1.8,0","10.2,55.9,28.8,5.1,0","5,000",締切,https://kabu.96ut.com/article/ipo/2016063/
2016,オークネット,野村,09/30(金),東未,3964,"1,070-1,100","1,100",未,-,,,"1,554",19,"5.3,0,10.5,63.2,21","0,0,5.3,94.7,0",-,締切,https://kabu.96ut.com/article/ipo/2016064/
2016,シンクロ・フード,野村,09/29(木),東M,3963,"1,960-2,100","2,100","3,200","3,200",B,7,"3,357",58,"7.1,46.4,46.4,0,0","15.5,62.1,19,3.4,0","2,970",締切,https://kabu.96ut.com/article/ipo/2016062/
2016,チェンジ,SBI,09/27(火),東M,3962,"1,080-1,200","1,200","3,500","3,200",A,9,"3,343",80,"41,44.9,12.8,1.3,0","87.5,8.8,3.7,0,0","2,999",締切,https://kabu.96ut.com/article/ipo/2016061/
2016,シルバーエッグ・テクノロジー,大和,09/27(火),東M,3961,850-900,900,"2,700","2,700",S,10,"2,906",61,"53.3,28.3,16.7,1.7,0","90.2,4.9,1.6,3.3,0","2,622",締切,https://kabu.96ut.com/article/ipo/2016059/
2016,バリューデザイン,日興,09/26(月),東M,3960,"1,860-2,040","2,040","4,700","4,700",A,9,"4,245",62,"35,41.7,21.7,1.6,0","66.1,27.4,1.6,3.2,1.6","4,315",締切,https://kabu.96ut.com/article/ipo/2016060/
2016,ノムラシステムコーポレーション,みずほ,09/16(金),JQS,3940,920-960,960,"1,480","1,500",B,7,"1,633",63,"10.3,37.9,46.6,5.2,0","19,57.1,20.6,3.2,0","1,450",締切,https://kabu.96ut.com/article/ipo/2016058/
2016,デジタルアイデンティティ,みずほ,09/14(水),東M,6533,"1,400-1,540","1,540","2,900","3,080",A,8,"3,209",59,"24.1,57.4,18.5,0,0","61,30.5,8.5,0,0","2,900",締切,https://kabu.96ut.com/article/ipo/2016057/
2016,カナミックネットワーク,野村,09/14(水),東M,3939,"2,760-3,000","3,000","7,000","6,900",A,9,"6,998",59,"50,42.6,7.4,0,0","78,16.9,1.7,3.4,0","8,600",締切,https://kabu.96ut.com/article/ipo/2016056/
2016,串カツ田中,大和,09/14(水),東M,3547,"3,610-3,900","3,900","5,000","4,400",B,7,"4,559",80,"5.3,14.5,50,26.3,3.9","0,7.5,51.3,38.8,2.4","4,425",締切,https://kabu.96ut.com/article/ipo/2016055/
2016,さくら総合リート投資法人,日興,09/08(木),東R,3473,91k-92k,"91,000","88,000","85,000",D,1,"86,733",73,"0,0,1.4,11.3,87.3","0,0,0,87.8,12.2","79,000",締切,https://kabu.96ut.com/article/ipo/2016054/
2016,ベイカレント・コンサルティング,野村,09/02(金),東M,6532,"2,100-2,360","2,100","2,100","1,963",D,3,"2,119",91,"0,2.3,1.1,20.5,76.1","1.1,0,3.3,74.7,20.9","1,963",締切,https://kabu.96ut.com/article/ipo/2016051/
2016,大江戸温泉リート投資法人,野村,08/31(水),東R,3472,91k-93k,"93,000","98,000","98,000",C,5,"103,560",82,"3.9,5.2,33.8,35.1,22","2.4,0,7.3,90.2,0","89,200",締切,https://kabu.96ut.com/article/ipo/2016053/
2016,デファクトスタンダード,大和,08/31(水),東M,3545,"1,500-1,630","1,630","3,600","3,500",A,8,"3,697",112,"22.2,54.6,21.3,0,1.9","53.6,38.4,7.1,0.9,0","2,300",締切,https://kabu.96ut.com/article/ipo/2016052/
2016,三井不動産ロジスティクスパーク投資法人,大和,08/02(火),東R,3471,250k-270k,"270,000","290,000","300,000",B,6,"296,988",107,"10.8,17.6,44.1,24.5,2.9","0,0.9,43,56.1,0","271,400",締切,https://kabu.96ut.com/article/ipo/2016050/
2016,マリモ地方創生リート投資法人,日興,07/29(金),東R,3470,92k-100k,"92,000","100,000","88,500",C,4,"99,553",74,"1.4,2.7,13.7,47.9,34.2","0,0,4.1,95.9,0","88,500",締切,https://kabu.96ut.com/article/ipo/2016049/
2016,リファインバース,大和,07/28(木),東M,6531,"1,500-1,700","1,700","3,081","2,550",B,7,"3,198",72,"7.4,36.8,45.6,8.8,1.4","34.7,36.1,19.4,8.3,1.4","2,770",締切,https://kabu.96ut.com/article/ipo/2016048/
2016,インソース,みずほ,07/21(木),東M,6200,460-520,520,850,980,B,7,956,70,"6,32.8,50.7,10.4,0","22.9,51.4,17.1,7.1,1.4",810,締切,https://kabu.96ut.com/article/ipo/2016047/
2016,デュアルタップ,SBI,07/21(木),JQS,3469,"1,010-1,110","1,110","1,800","2,000",B,7,"1,959",72,"2.9,46.4,43.5,5.8,1.4","33.3,43.1,15.3,6.9,1.4","2,520",締切,https://kabu.96ut.com/article/ipo/2016046/
2016,LINE,野村,07/15(金),東1,3938,"2,900-3,300","3,300","3,350","4,000",C,5,"3,443",183,"5.1,13.5,32,34.8,14.6","1.1,7.7,34.4,54.1,2.7","4,900",締切,https://kabu.96ut.com/article/ipo/2016045/
2016,セラク,日興,07/01(金),東M,6199,"1,360-1,500","1,500","3,000","3,000",A,9,"3,498",65,"25.4,50.8,15.9,6.3,1.6","70.8,21.5,3.1,4.6,0","3,900",締切,https://kabu.96ut.com/article/ipo/2016043/
2016,ソラスト,日興,06/29(水),東1,6197,"1,270-1,400","1,300","1,320","1,250",D,3,"1,338",61,"1.7,0,8.6,25.9,63.8","1.6,1.6,6.6,85.2,4.9","1,222",締切,https://kabu.96ut.com/article/ipo/2016040/
2016,コメダホールディングス,大和/三菱,06/29(水),東1,3543,"1,780-1,960","1,960","2,060","2,000",C,5,"2,094",104,"2.9,8.7,35.9,35.9,16.5","0,0,9.6,90.4,0","1,867",締切,https://kabu.96ut.com/article/ipo/2016044/
2016,ベガコーポレーション,野村,06/28(火),東M,3542,"1,440-1,600","1,600","2,400","2,400",B,7,"2,374",55,"7.5,26.4,62.3,3.8,0","12.7,50.9,32.7,3.6,0","2,000",締切,https://kabu.96ut.com/article/ipo/2016042/
2016,キャリア,日興,06/27(月),東M,6198,"1,850-1,950","1,950","4,200","2,700",A,9,"4,424",60,"25.9,53.4,19,1.7,0","71.7,20,8.3,0,0","3,870",締切,https://kabu.96ut.com/article/ipo/2016041/
2016,バーチャレクス・コンサルティング,野村,06/23(木),東M,6193,"1,030-1,090","1,090","1,390","1,390",B,7,"1,547",70,"1.5,22.1,47.1,27.9,1.4","11.4,27.1,45.7,15.7,0","1,235",締切,https://kabu.96ut.com/article/ipo/2016038/
2016,ジェイリース,みずほ,06/22(水),東M,7187,"3,000-3,100","3,100","4,200","4,400",B,7,"4,271",57,"5.6,25.9,53.7,13,1.8","3.5,24.6,56.1,15.8,0","4,170",締切,https://kabu.96ut.com/article/ipo/2016037/
2016,ストライク,日興,06/21(火),東M,6196,"2,940-3,440","3,440","6,880","6,880",A,8,"6,955",63,"21.3,57.4,11.5,6.6,3.2","65.1,19,6.3,7.9,1.6","7,770",締切,https://kabu.96ut.com/article/ipo/2016039/
2016,ＡＷＳホールディングス,SBI,06/21(火),東M,3937,"2,290-2,490","2,490","6,500","5,500",A,8,"8,155",74,"44.3,37.1,14.3,4.3,0","81.1,8.1,6.8,4,0","8,350",締切,https://kabu.96ut.com/article/ipo/2016036/
2016,やまみ,みずほ,06/17(金),JQS,2820,"1,650-1,690","1,690","1,690","1,690",C,5,"1,772",60,"1.7,1.7,24.1,48.3,24.1","0,1.7,1.7,93.3,3.3","1,751",締切,https://kabu.96ut.com/article/ipo/2016032/
2016,農業総合研究所,大和,06/16(木),東M,3541,"1,010-1,050","1,050","2,280","2,280",A,8,"2,057",60,"12.5,30.4,51.8,5.3,0","46.7,31.7,16.7,4.9,0","1,870",締切,https://kabu.96ut.com/article/ipo/2016033/
2016,アトラエ,大和,06/15(水),東M,6194,"5,030-5,400","5,400","14,000","14,000",A,9,"12,495",75,"52.1,28.8,13.7,5.4,0","64,25.3,4,4,2.7","12,720",締切,https://kabu.96ut.com/article/ipo/2016034/
2016,ホープ,みずほ,06/15(水),東M,6195,"1,300-1,400","1,400","3,500","3,500",A,8,"3,297",70,"22.4,52.2,25.4,0,0","71.4,25.7,2.9,0,0","3,220",締切,https://kabu.96ut.com/article/ipo/2016035/
2016,タカラレーベン・インフラ投資法人,みずほ,06/02(木),東イ,9281,96k-100k,"100,000","105,000","103,000",C,5,"109,719",77,"3.9,10.5,35.5,34.2,15.8","0,2.6,14.3,83.1,0","109,900",締切,https://kabu.96ut.com/article/ipo/2016031/
2016,ジャパンミート,みずほ,04/21(木),東2,3539,"910-1,010","1,010","1,050",934,C,5,"1,028",57,"1.9,0,11.1,38.9,48.1","0,0,7,89.5,3.5","1,040",締切,https://kabu.96ut.com/article/ipo/2016028/
2016,スターアジア不動産投資法人,野村,04/20(水),東R,3468,90k-100k,"100,000","103,000","105,000",C,5,"107,882",66,"3.2,1.6,31.7,55.6,7.9","0,0,10.6,89.4,0","99,100",締切,https://kabu.96ut.com/article/ipo/2016030/
2016,グローバルウェイ,大和,04/19(火),東M,3936,"2,760-2,960","2,960","8,880","9,200",S,10,"10,052",84,"82.5,12.5,2.5,2.5,0","92.9,3.6,0,2.4,1.1","14,000",締切,https://kabu.96ut.com/article/ipo/2016029/
2016,エディア,SBI,04/15(金),東M,3935,"1,510-1,630","1,630","2,445","2,800",B,7,"2,939",86,"16,38.3,42,2.5,1.2","38.4,39.5,15.1,7,0","3,165",締切,https://kabu.96ut.com/article/ipo/2016027/
2016,丸八ホールディングス,東海東京,04/08(金),名2,3504,620-680,680,670,630,D,3,676,63,"1.7,0,3.4,44.8,50","1.6,0,4.8,92.1,1.5",757,締切,https://kabu.96ut.com/article/ipo/2016026/
2016,ハイアス・アンド・カンパニー,日興,04/05(火),東M,6192,850-950,950,"2,100","2,800",A,9,"2,286",60,"25.9,48.3,22.4,1.7,1.7","75,15,6.7,3.3,0","2,750",締切,https://kabu.96ut.com/article/ipo/2016025/
2016,ＰＲＴＩＭＥＳ,SBI,03/31(木),東M,3922,"1,220-1,340","1,340","2,400","1,900",A,8,"3,053",95,"25,45.7,21.7,7.6,0","66.3,23.2,3.2,4.2,3.1","2,130",締切,https://kabu.96ut.com/article/ipo/2016023/
2016,エボラブルアジア,SBI,03/31(木),東M,6191,"1,660-1,800","1,800","2,200","2,200",B,7,"2,516",103,"5.2,25.8,48.5,12.4,8.1","8.7,35,30.1,21.4,4.8","2,670",締切,https://kabu.96ut.com/article/ipo/2016024/
2016,ベネフィットジャパン,大和,03/24(木),東M,3934,"1,680-1,980","1,980","2,280","4,000",B,6,"3,000",62,"10,23.3,38.3,23.3,5","14.5,16.1,37.1,32.3,0","3,310",締切,https://kabu.96ut.com/article/ipo/2016022/
2016,ウイルプラスホールディングス,みずほ,03/24(木),JQS,3538,"1,730-1,880","1,880","2,000","2,000",C,5,"2,111",58,"5.5,7.3,45.5,32.7,9","3.4,1.7,22.4,72.4,0","1,729",締切,https://kabu.96ut.com/article/ipo/2016021/
2016,チエル,みずほ,03/22(火),JQS,3933,730-810,810,"1,215","1,800",B,7,"1,462",60,"3.4,36.2,46.6,10.3,3.4","21.7,53.3,16.7,6.7,1.6","2,151",締切,https://kabu.96ut.com/article/ipo/2016019/
2016,アイドママーケティングコミュニケーション,みずほ,03/18(金),東M,9466,"1,300-1,440","1,440","1,490","1,400",C,5,"1,555",53,"2,6.1,14.3,49,28.6","0,3.8,5.7,84.9,5.6","1,230",締切,https://kabu.96ut.com/article/ipo/2016020/
2016,ヒロセ通商,野村,03/18(金),JQS,7185,800-830,830,930,880,C,5,998,62,"1.7,0,43.3,45,10","0,9.7,25.8,62.9,1.6",830,締切,https://kabu.96ut.com/article/ipo/2016011/
2016,アグレ都市デザイン,みずほ,03/18(金),JQS,3467,"1,670-1,730","1,730","2,222","2,222",B,6,"2,353",52,"6,24,56,8,6","3.8,23.1,42.3,28.8,1.9","3,505",締切,https://kabu.96ut.com/article/ipo/2016015/
2016,グローバルグループ,いちよし,03/18(金),東M,6189,"1,900-2,000","2,000","2,200","2,200",B,6,"2,369",53,"3.9,5.9,41.2,31.4,17.6","3.8,0,15.1,77.4,3.7","3,200",締切,https://kabu.96ut.com/article/ipo/2016016/
2016,フェニックスバイオ,日興,03/18(金),東M,6190,"1,800-2,400","2,400","2,500","2,500",C,5,"2,480",54,"1.9,7.5,26.4,32.1,32.1","0,1.8,14.5,72.7,10.9","2,350",締切,https://kabu.96ut.com/article/ipo/2016017/
2016,イワキ（銘柄名：イワキポンプ）,大和,03/18(金),東2,6237,"1,900-2,000","2,000","2,000","1,900",C,4,"2,038",57,"1.9,1.9,9.3,38.9,48","0,1.8,3.5,93,1.7","2,050",締切,https://kabu.96ut.com/article/ipo/2016018/
2016,アカツキ,野村,03/17(木),東M,3932,"1,800-1,930","1,930","2,100","2,100",C,5,"2,210",78,"1.4,8.1,23,44.6,22.9","3.8,6.4,7.7,79.5,2.6","1,775",締切,https://kabu.96ut.com/article/ipo/2016012/
2016,昭栄薬品,大和,03/16(水),JQS,3537,"1,330-1,350","1,350","1,650","1,650",B,6,"1,820",65,"4.8,11.1,58.7,17.5,7.9","7.7,18.5,35.4,36.9,1.5","2,001",締切,https://kabu.96ut.com/article/ipo/2016013/
2016,富士ソフトサービスビューロ,野村,03/15(火),JQS,6188,800-890,890,900,950,C,5,"1,139",57,"3.6,7.3,43.6,32.7,12.7","5.3,12.3,26.3,54.4,1.7","1,010",締切,https://kabu.96ut.com/article/ipo/2016009/
2016,ユー・エム・シー・エレクトロニクス,みずほ,03/15(火),東1,6615,"3,000-3,100","3,000","3,000","2,805",D,3,"3,250",58,"3.6,3.6,14.3,21.4,57.1","0,1.7,3.4,87.9,6.9","2,480",締切,https://kabu.96ut.com/article/ipo/2016010/
2016,富山第一銀行,大和,03/15(火),東1,7184,440-470,470,380,450,D,1,455,72,"0,0,4.3,10,85.7","0,1.4,1.4,32.9,64.3",500,締切,https://kabu.96ut.com/article/ipo/2016014/
2016,LITALICO,野村,03/14(月),東M,6187,"930-1,000","1,000","1,300","1,000",B,6,"1,504",76,"6.9,23.6,56.9,9.7,2.8","14.5,50,27.6,6.6,1.3","1,880",締切,https://kabu.96ut.com/article/ipo/2016008/
2016,フィット,SBI,03/11(金),東M,1436,"1,750-1,890","1,890","2,490","2,000",B,6,"2,551",96,"8.7,19.6,53.3,16.3,2.1","5.2,18.8,49,26,1","1,741",締切,https://kabu.96ut.com/article/ipo/2016007/
2016,ブラス,東海東京,03/09(水),東M,2424,"4,000-4,370","4,370","6,555","6,380",A,8,"8,037",66,"22.2,42.9,27,4.8,3.1","28.8,40.9,18.2,10.6,1.5","4,650",締切,https://kabu.96ut.com/article/ipo/2016006/
2016,ヨシムラ・フード・ホールディングス,大和,03/04(金),東M,2884,820-880,880,"1,460","1,460",B,7,"1,570",63,"6.8,16.9,66.1,10.2,0","34.9,44.4,9.5,11.1,0","1,320",締切,https://kabu.96ut.com/article/ipo/2016005/
2016,中本パックス,野村,03/03(木),東2,7811,"1,440-1,470","1,470","1,580","1,550",C,5,"1,574",68,"3.1,1.6,26.6,50,18.7","2.9,1.5,14.7,79.4,1.5","1,480",締切,https://kabu.96ut.com/article/ipo/2016004/
2016,バリューゴルフ,東海東京,03/02(水),東M,3931,"1,220-1,280","1,280","3,500","3,800",A,9,"3,365",81,"22.4,59.2,17.1,1.3,0","82.7,12.3,3.7,1.2,0","3,215",締切,https://kabu.96ut.com/article/ipo/2016003/
2016,はてな,日興,02/24(水),東M,3930,700-800,800,"2,560","2,480",A,9,"2,249",102,"24.2,61.1,14.7,0,0","92.2,4.9,2,0.9,0","3,025",締切,https://kabu.96ut.com/article/ipo/2016002/
2016,ラサールロジポート投資法人,野村,02/17(水),東R,3466,92k-100k,"100,000","98,000","115,000",C,4,"107,270",135,"3.8,6.1,30.3,42.4,17.4","1.5,3,9.6,79.3,6.6","105,000",締切,https://kabu.96ut.com/article/ipo/2016001/
2017,オプティマスグループ,野村,12/26(火),東2,9268,"1,710-1,800","1,800","1,850","2,050",C,4,"1,949",89,"6.9,3.4,19.5,46,24.1","5.6,2.2,12.4,77.5,2.2","2,001",締切,https://kabu.96ut.com/article/ipo/2017096/
2017,要興業,野村,12/25(月),東2,6566,700-750,750,850,850,C,5,886,87,"4.8,4.8,48.8,36.9,4.7","5.7,9.2,34.5,49.4,1.1",950,締切,https://kabu.96ut.com/article/ipo/2017095/
2017,ＡＢホテル,大和,12/25(月),JQS,6565,"1,400-1,500","1,500","2,800","3,000",B,7,"3,052",83,"6.4,47.4,42.3,2.6,1.3","60.2,30.1,7.2,2.4,0","3,060",締切,https://kabu.96ut.com/article/ipo/2017094/
2017,ミダック,岡三,12/22(金),名2,6564,"1,200-1,300","1,300","2,000","2,500",B,6,"2,374",84,"3.8,40,46.3,7.5,2.4","36.9,38.1,16.7,6,2.3","2,000",締切,https://kabu.96ut.com/article/ipo/2017093/
2017,プレミアグループ,野村,12/21(木),東2,7199,"2,260-2,320","2,320","2,280","2,300",D,3,"2,307",87,"7.1,1.2,8.3,33.3,50","6.9,1.1,3.4,88.5,0","2,220",締切,https://kabu.96ut.com/article/ipo/2017090/
2017,オプトラン,大和,12/20(水),東1,6235,"1,420-1,460","1,460","1,760","1,900",C,5,"1,802",104,"6.9,11.8,41.2,34.3,5.8","5.8,7.7,36.5,50,0","2,436",締切,https://kabu.96ut.com/article/ipo/2017091/
2017,森六ホールディングス,野村,12/20(水),東1,4249,"2,610-2,700","2,700","2,862","2,900",C,5,"2,899",84,"4.8,4.8,31.3,45.8,13.3","4.8,2.4,10.7,82.1,0","2,975",締切,https://kabu.96ut.com/article/ipo/2017092/
2017,みらいワークス,SBI,12/19(火),東M,6563,"1,700-1,840","1,840","7,360","6,840",A,9,"8,047",119,"62.1,25.9,6.9,3.4,1.7","94.1,1.7,0,1.7,2.5","6,080",締切,https://kabu.96ut.com/article/ipo/2017089/
2017,ナレッジスイート,いちよし,12/18(月),東M,3999,"1,800-2,000","2,000","5,100","6,500",A,9,"6,199",79,"38.5,42.3,14.1,1.3,3.8","87.3,6.3,2.5,1.3,2.5","5,010",締切,https://kabu.96ut.com/article/ipo/2017087/
2017,すららネット,みずほ,12/18(月),東M,3998,"1,900-2,040","2,040","3,060","4,000",B,7,"4,130",69,"9.1,50,31.8,7.6,1.5","37.7,43.5,11.6,7.2,0","4,345",締切,https://kabu.96ut.com/article/ipo/2017086/
2017,歯愛メディカル,日興,12/18(月),JQS,3540,"3,210-3,300","3,300","3,210","3,300",D,3,"3,366",88,"5.7,1.1,11.5,29.9,51.7","5.7,1.1,5.7,84.1,3.4","4,030",締切,https://kabu.96ut.com/article/ipo/2017085/
2017,ジーニー,野村,12/18(月),東M,6562,"1,220-1,350","1,350","2,100","2,500",B,6,"2,303",76,"8.1,25.7,56.8,8.1,1.3","36.8,43.4,14.5,5.3,0","2,674",締切,https://kabu.96ut.com/article/ipo/2017088/
2017,ＨＡＮＡＴＯＵＲＪＡＰＡＮ,みずほ,12/15(金),東M,6561,"1,900-2,000","2,000","2,000","1,844",D,3,"2,268",87,"4.9,3.7,11.1,24.7,55.6","4.6,1.1,3.4,36.8,54","2,200",締切,https://kabu.96ut.com/article/ipo/2017084/
2017,イオレ,SBI,12/15(金),東M,2334,"1,750-1,890","1,890","5,000","6,000",A,8,"6,724",123,"55.1,36.4,5.9,1.7,0.8","90.2,4.1,2.4,3.3,0","5,100",締切,https://kabu.96ut.com/article/ipo/2017083/
2017,アルヒ,野村,12/14(木),東1,7198,"1,150-1,340","1,300","1,340","1,300",C,4,"1,439",110,"3.8,3.8,16,44.3,32.1","5.5,3.6,8.2,81.8,0.9","1,270",締切,https://kabu.96ut.com/article/ipo/2017076/
2017,エル・ティー・エス,大和,12/14(木),東M,6560,630-680,680,"1,500","3,000",A,8,"1,997",82,"24.1,55.7,19,0,1.2","85.4,9.8,2.4,1.2,1.2","2,810",締切,https://kabu.96ut.com/article/ipo/2017080/
2017,グローバル・リンク・マネジメント,日興,12/13(水),東M,3486,"2,320-2,620","2,620","4,170","5,000",B,7,"4,166",82,"5.1,44.9,41,7.7,1.3","28,46.3,15.9,9.8,0","6,130",締切,https://kabu.96ut.com/article/ipo/2017078/
2017,ＳＧホールディングス,大和/三菱,12/13(水),東1,9143,"1,540-1,620","1,620","2,050","2,050",B,6,"2,019",181,"11.3,24.3,46.9,13.6,3.9","3.9,11,51.4,32.6,1.1","1,900",締切,https://kabu.96ut.com/article/ipo/2017075/
2017,マツオカコーポレーション,野村,12/13(水),東1,3611,"2,420-2,600","2,600","2,900","3,200",B,6,"3,323",91,"7.8,20,48.9,22.2,1.1","4.4,15.4,52.7,27.5,0","3,800",締切,https://kabu.96ut.com/article/ipo/2017081/
2017,ヴィスコ・テクノロジーズ,みずほ,12/13(水),JQS,6698,"4,720-4,920","4,920","5,480","6,000",B,6,"6,083",80,"7.7,15.4,48.7,21.8,6.4","5,16.3,30,46.3,2.4","15,000",締切,https://kabu.96ut.com/article/ipo/2017082/
2017,カチタス,大和,12/12(火),東1,8919,"1,500-1,640","1,640","1,640","1,700",C,5,"1,762",101,"7.1,5.1,19.4,48,20.4","5.9,3,11.9,79.2,0","1,665",締切,https://kabu.96ut.com/article/ipo/2017079/
2017,一家ダイニングプロジェクト,日興,12/12(火),東M,9266,"2,250-2,450","2,450","3,920","5,550",B,7,"4,047",84,"10.1,32.9,41.8,8.9,6.3","28.6,36.9,19,14.3,1.2","6,700",締切,https://kabu.96ut.com/article/ipo/2017077/
2017,アトリエはるか,岡三,12/07(木),名セ,6559,"1,250-1,400","1,400","2,800",-,A,8,"3,201",87,"16,45.7,32.1,2.5,3.7","72.4,18.4,4.6,3.4,1.1",-,締切,https://kabu.96ut.com/article/ipo/2017074/
2017,トレードワークス,岡三,11/29(水),JQS,3997,"2,000-2,200","2,200","7,040","8,360",S,10,"7,310",89,"70.6,24.7,3.5,0,1.2","97.8,0,0,1.1,1.1","13,600",締切,https://kabu.96ut.com/article/ipo/2017073/
2017,幸和製作所,日興,11/28(火),JQS,7807,"3,220-3,520","3,520","6,440","6,440",A,8,"5,724",79,"10.4,45.5,37.7,6.4,0","31.6,40.5,17.7,10.1,0","7,980",締切,https://kabu.96ut.com/article/ipo/2017070/
2017,ポエック,野村,11/28(火),JQS,9264,670-750,750,"1,240","1,500",B,7,"1,375",73,"5.7,28.6,62.9,2.8,0","50.7,37,11,1.3,0","3,280",締切,https://kabu.96ut.com/article/ipo/2017071/
2017,クックビズ,大和,11/28(火),東M,6558,"2,070-2,250","2,250","5,100","5,200",A,9,"5,279",78,"20.5,67.1,12.3,0,0","93.6,3.8,1.3,1.3,0","5,280",締切,https://kabu.96ut.com/article/ipo/2017072/
2017,サインポスト,いちよし,11/21(火),東M,3996,"2,000-2,200","2,200","7,200","7,920",S,10,"7,888",103,"68.4,24.5,2,1,4.1","95.1,0,0,1.9,2.9","8,530",締切,https://kabu.96ut.com/article/ipo/2017069/
2017,シー・エス・ランバー,みずほ,11/15(水),JQS,7808,"1,380-1,480","1,480","2,300","2,500",B,7,"2,343",105,"2,24.8,57.4,9.9,5.9","9.5,46.7,28.6,11.4,3.8","2,724",締切,https://kabu.96ut.com/article/ipo/2017068/
2017,Casa,日興,10/31(火),東2,7196,"2,060-2,270","2,270","2,270","2,270",C,4,"2,385",109,"8.6,5.7,11.4,39,35.2","7.3,5.5,3.7,81.7,1.8","2,331",締切,https://kabu.96ut.com/article/ipo/2017067/
2017,カナディアン・ソーラー・インフラ投資法人,みずほ,10/30(月),東イ,9284,98k-102k,"100,000","102,000","98,000",C,4,"104,776",118,"14.9,4.4,6.1,32.5,42.1","16,2.5,5.9,68.9,6.7","95,000",締切,https://kabu.96ut.com/article/ipo/2017066/
2017,ＳＫＩＹＡＫＩ,いちよし,10/26(木),東M,3995,"3,200-3,400","3,400","8,500","8,500",A,9,"8,676",117,"54.4,34.2,7.9,0.9,2.6","84.6,10.3,0.9,1.7,2.5","8,400",締切,https://kabu.96ut.com/article/ipo/2017063/
2017,シルバーライフ,みずほ,10/25(水),東M,9262,"2,300-2,500","2,500","5,000","5,000",A,8,"5,103",108,"12.5,57.7,25,2.9,1.9","61.1,30.6,3.7,2.8,1.8","4,630",締切,https://kabu.96ut.com/article/ipo/2017064/
2017,テンポイノベーション,東海東京,10/25(水),東M,3484,"3,000-3,100","3,100","6,000","6,200",A,8,"5,839",99,"18.8,54.2,19.8,5.2,2","42.4,35.4,14.1,6.1,2","6,000",締切,https://kabu.96ut.com/article/ipo/2017065/
2017,ウェルビー,みずほ,10/05(木),東M,6556,"2,400-2,580","2,580","2,980","3,200",B,6,"3,020",93,"4.4,8.8,45.1,26.4,15.3","3.2,8.6,22.6,60.2,5.4","3,305",締切,https://kabu.96ut.com/article/ipo/2017062/
2017,大阪油化工業,野村,10/05(木),JQS,4124,"1,830-1,860","1,860","2,100","2,180",B,6,"2,238",65,"3.2,6.3,47.6,34.9,7.9","1.5,9.2,40,47.7,1.5","3,100",締切,https://kabu.96ut.com/article/ipo/2017061/
2017,ＭＳ＆Ｃｏｎｓｕｌｔｉｎｇ,日興,10/05(木),東M,6555,"1,150-1,280","1,280","1,200","1,200",D,3,"1,248",71,"2.9,1.4,7.1,21.4,67.1","1.4,2.8,0,90.1,5.6","1,250",締切,https://kabu.96ut.com/article/ipo/2017059/
2017,マネーフォワード,日興,09/29(金),東M,3994,"1,350-1,550","1,550","1,890","2,550",C,5,"2,157",120,"12.2,24.3,40,16.5,7","20.8,30.8,34.2,13.3,0.8","3,000",締切,https://kabu.96ut.com/article/ipo/2017056/
2017,西本Ｗｉｓｍｅｔｔａｃホールディングス,野村,09/29(金),東1,9260,"4,500-5,250","4,750","4,750","4,467",D,3,"4,580",78,"1.3,0,3.9,13.2,81.6","0,0,0,83.8,16.2","4,465",締切,https://kabu.96ut.com/article/ipo/2017057/
2017,テックポイント・インク,みずほ,09/29(金),東M,6697,620-650,650,700,750,C,4,713,86,"3.7,7.4,19.8,40.7,28.4","1.1,6.8,20.5,59.1,12.5","1,072",締切,https://kabu.96ut.com/article/ipo/2017060/
2017,ロードスターキャピタル,みずほ,09/28(木),東M,3482,"1,640-1,820","1,820","2,730","2,730",B,7,"2,940",89,"4.8,31,53.6,10.6,0","12.4,46.1,34.8,5.6,1.1","2,501",締切,https://kabu.96ut.com/article/ipo/2017058/
2017,壽屋,大和,09/26(火),JQS,7809,"1,980-2,000","2,000","2,700","2,950",B,6,"3,102",76,"8.1,27,60.8,4.1,0","10.5,47.4,38.2,3.9,0","2,650",締切,https://kabu.96ut.com/article/ipo/2017055/
2017,ＰＫＳＨＡＴｅｃｈｎｏｌｏｇｙ,日興,09/22(金),東M,3993,"1,700-2,400","2,400","3,400","5,000",A,8,"4,752",117,"37.6,40.2,17.9,4.3,0","76.9,15.4,4.3,3.4,0","5,480",締切,https://kabu.96ut.com/article/ipo/2017054/
2017,ニーズウェル,みずほ,09/20(水),JQS,3992,"1,590-1,670","1,670","3,900","4,300",A,9,"4,115",63,"27.4,54.8,17.7,0,0","82.5,14.3,1.6,1.6,0","3,850",締切,https://kabu.96ut.com/article/ipo/2017053/
2017,ウォンテッドリー,大和,09/14(木),東M,3991,"880-1,000","1,000","3,000","4,200",A,9,"3,337",70,"32.4,50,11.8,2.9,2.9","91.4,2.9,0,4.3,1.4","5,010",締切,https://kabu.96ut.com/article/ipo/2017052/
2017,三菱地所物流リート投資法人,日興,09/14(木),東R,3481,250k-260k,"260,000","268,000","270,000",C,5,"259,257",88,"1.1,9.2,29.9,37.9,21.8","0,0,1.1,96.6,2.2","274,000",締切,https://kabu.96ut.com/article/ipo/2017050/
2017,エスユーエス,野村,09/13(水),東M,6554,"2,220-2,300","2,300","4,000","5,000",A,8,"4,860",69,"21.2,62.1,15.2,1.5,0","62.3,27.5,7.2,2.9,0","4,970",締切,https://kabu.96ut.com/article/ipo/2017051/
2017,ＵＵＵＭ,野村,08/30(水),東M,3990,"1,880-2,050","2,050","4,300","4,300",A,9,"4,808",96,"25.3,60,9.5,3.2,2","79.2,9.4,2.1,9.3,0","6,700",締切,https://kabu.96ut.com/article/ipo/2017049/
2017,トランザス,いちよし,08/09(水),東M,6696,"1,240-1,300","1,300","4,550","4,500",A,9,"4,791",90,"49.4,41.6,7.9,0,1.1","95.6,3.3,0,1.1,0","3,510",締切,https://kabu.96ut.com/article/ipo/2017048/
2017,シェアリングテクノロジー,大和,08/03(木),東M,3989,"1,560-1,600","1,600","3,200","3,600",A,8,"3,475",98,"14.4,55.7,26.8,2.1,1","66.3,28.6,2,3.1,0","2,990",締切,https://kabu.96ut.com/article/ipo/2017047/
2017,クロスフォー,みずほ,07/20(木),JQS,7810,710-730,730,950,"1,050",B,6,"1,050",75,"1.4,12.2,63.5,20.3,2.6","8,21.3,56,14.7,0","1,051",締切,https://kabu.96ut.com/article/ipo/2017046/
2017,ジェイ・エス・ビー,三菱,07/20(木),東2,3480,"3,100-3,200","3,200","3,800","4,000",C,5,"4,078",76,"5.4,23,43.2,25.7,2.7","3.9,11.8,36.8,47.4,0","4,280",締切,https://kabu.96ut.com/article/ipo/2017045/
2017,ユニフォームネクスト,野村,07/19(水),東M,3566,"2,460-2,800","2,800","5,500","6,500",B,7,"5,426",73,"12.5,52.8,31.9,1.4,1.4","67.1,24.7,5.5,1.4,1.3","6,640",締切,https://kabu.96ut.com/article/ipo/2017044/
2017,ソウルドアウト,三菱,07/12(水),東M,6553,"1,080-1,200","1,200","2,000","2,100",B,7,"2,132",108,"6.7,37.5,53.8,1.9,0","34.3,56.5,7.4,1.8,0","2,113",締切,https://kabu.96ut.com/article/ipo/2017043/
2017,GameWith,大和,06/30(金),東M,6552,"1,720-1,920","1,920","4,170","4,500",A,8,"4,429",79,"17.9,64.1,16.7,0,1.3","82.3,11.4,2.5,3.8,0","4,490",締切,https://kabu.96ut.com/article/ipo/2017042/
2017,ツナグ・ソリューションズ,野村,06/30(金),東M,6551,"1,970-2,130","2,130","3,700","4,000",B,7,"3,884",65,"7.8,45.3,43.8,3.1,0","44.6,46.2,7.7,1.5,0","4,515",締切,https://kabu.96ut.com/article/ipo/2017041/
2017,ＳＹＳホールディングス,東海東京,06/30(金),JQS,3988,"2,360-2,560","2,560","4,150","4,500",B,7,"4,870",69,"13.4,56.7,28.4,1.5,0","34.8,55.1,7.2,2.9,0","5,530",締切,https://kabu.96ut.com/article/ipo/2017040/
2017,Fringe81,野村,06/27(火),東M,6550,"2,400-2,600","2,600","5,600","5,200",A,8,"5,673",73,"22.5,57.7,19.7,0,0","83.6,12.3,4.1,0,0","6,060",締切,https://kabu.96ut.com/article/ipo/2017039/
2017,エコモット,岡三,06/21(水),札ア,3987,"2,470-2,730","2,730","5,500","5,500",A,8,"5,869",80,"23.7,48.7,25,1.3,1.3","57.5,18.8,20,2.5,1.2","4,195",締切,https://kabu.96ut.com/article/ipo/2017038/
2017,ディーエムソリューションズ,SBI,06/20(火),JQS,6549,"2,300-2,500","2,500","7,000","7,000",A,9,"7,075",97,"43.8,45.8,10.4,0,0","95.9,4.1,0,0,0","7,100",締切,https://kabu.96ut.com/article/ipo/2017037/
2017,ビーブレイクシステムズ,SBI,06/15(木),東M,3986,"1,550-1,670","1,670","5,200","6,200",S,10,"5,412",127,"51.6,43.5,4.8,0,0","96.1,2.4,0.8,0.7,0","7,700",締切,https://kabu.96ut.com/article/ipo/2017036/
2017,アセンテック,SBI,04/25(火),東M,3565,"1,840-2,000","2,000","5,500","5,000",A,8,"5,528",170,"36.4,42.6,17.3,2.5,1.2","75.9,15.3,4.1,3.5,1.2","5,950",締切,https://kabu.96ut.com/article/ipo/2017035/
2017,旅工房,大和,04/18(火),東M,6548,"1,220-1,370","1,370","4,300","3,600",A,9,"4,975",93,"40.7,49.5,5.5,3.3,1","97.8,1.1,0,0,1.1","3,750",締切,https://kabu.96ut.com/article/ipo/2017034/
2017,ＬＩＸＩＬビバ,野村,04/12(水),東1,3564,"1,950-2,200","2,050","2,500","2,050",B,6,"2,474",187,"2.2,12.6,45.9,26.2,13.1","1.1,5.9,29.4,63.1,0.5","1,947",締切,https://kabu.96ut.com/article/ipo/2017033/
2017,ウェーブロックホールディングス,みずほ,04/10(月),東2,7940,720-750,750,720,720,D,3,751,71,"0,0,4.2,25.4,70.4","0,0,2.8,84.5,12.7",721,締切,https://kabu.96ut.com/article/ipo/2017032/
2017,テモナ,日興,04/06(木),東M,3985,"2,400-2,550","2,550","6,500","7,500",A,9,"7,319",81,"39.2,54.4,3.8,0,2.5","93.8,3.7,0,0,2.5","8,050",締切,https://kabu.96ut.com/article/ipo/2017031/
2017,ネットマーケティング,SBI,03/31(金),JQS,6175,"1,040-1,140","1,140","1,710","1,710",B,7,"2,338",83,"17.3,35.8,40.7,4.9,1.2","49.4,43.4,6,0,1.2","1,552",締切,https://kabu.96ut.com/article/ipo/2017030/
2017,スシローグローバルホールディングス,野村,03/30(木),東1,3563,"3,600-3,900","3,600","4,000","3,600",C,4,"3,853",109,"1.9,1.9,17,42.5,36.7","0,0,1.8,95.4,2.8","3,430",締切,https://kabu.96ut.com/article/ipo/2017024/
2017,ユーザーローカル,大和,03/30(木),東M,3984,"2,780-2,940","2,940","9,410","9,410",S,10,"10,028",93,"76.1,20.7,3.2,0,0","94.6,2.2,2.2,0,1","12,500",締切,https://kabu.96ut.com/article/ipo/2017028/
2017,日本再生可能エネルギーインフラ投資法人,日興,03/29(水),東イ,9283,93k-95k,"93,000","95,000","89,200",C,4,"95,602",60,"0,1.7,1.7,27.6,69","0,0,1.6,96.7,1.6","89,200",締切,https://kabu.96ut.com/article/ipo/2017027/
2017,オークネット,野村,03/29(水),東1,3964,"1,070-1,100","1,100","1,300","1,380",C,5,"1,381",84,"2.4,8.4,34.9,44.6,9.6","2.4,13.1,41.7,42.8,0","1,300",締切,https://kabu.96ut.com/article/ipo/2017029/
2017,ズーム,野村,03/28(火),JQS,6694,"1,460-1,520","1,520","1,600","2,280",C,5,"1,842",60,"1.7,5.1,37.3,49.2,6.7","0,15,40,45,0","2,278",締切,https://kabu.96ut.com/article/ipo/2017026/
2017,Ｎｏ．１,SBI,03/28(火),JQS,3562,"1,450-1,570","1,570","2,600","4,000",A,8,"3,664",90,"22.7,45.5,28.4,2.3,1.1","70,22.2,5.6,2.2,0","3,460",締切,https://kabu.96ut.com/article/ipo/2017025/
2017,ティーケーピー,野村,03/27(月),東M,3479,"5,890-6,060","6,060","7,300","9,090",B,7,"6,939",75,"2.7,13.5,51.4,23,9.4","1.3,8,26.7,62.7,1.3","10,560",締切,https://kabu.96ut.com/article/ipo/2017023/
2017,ソレイジア・ファーマ,みずほ,03/24(金),東M,4597,175-185,185,180,210,D,3,199,70,"1.4,4.3,11.6,43.5,39.1","5.7,2.9,14.3,74.3,2.8",234,締切,https://kabu.96ut.com/article/ipo/2017022/
2017,オロ,野村,03/24(金),東M,3983,"1,930-2,070","2,070","3,100","4,300",A,8,"3,782",73,"9.9,60.6,22.5,7,0","39.7,45.2,9.6,5.5,0","4,750",締切,https://kabu.96ut.com/article/ipo/2017021/
2017,グリーンズ,野村,03/23(木),東2,6547,"1,350-1,400","1,400","1,450","1,450",C,5,"1,446",69,"1.6,0,18.8,54.7,24.9","0,0,11.6,88.4,0","1,521",締切,https://kabu.96ut.com/article/ipo/2017018/
2017,マクロミル,三菱/大和,03/22(水),東1,3978,"1,900-2,100","1,950","1,900","1,867",D,2,"1,877",73,"0,1.4,1.4,15.5,81.7","0,0,1.4,87.7,10.9","1,867",締切,https://kabu.96ut.com/article/ipo/2017010/
2017,エスキュービズム,みずほ,03/22(水),東M,3982,"1,150-1,250",未,"3,700",-,S,10,"4,230",58,"33.9,55.4,8.9,0,1.8","94.9,0,0,1.7,3.4",-,締切,https://kabu.96ut.com/article/ipo/2017019/
2017,フルテック,野村,03/22(水),東2,6546,540-600,600,630,750,C,5,643,58,"1.8,0,29.8,63.2,5.2","0,0,44.8,55.2,0","1,230",締切,https://kabu.96ut.com/article/ipo/2017020/
2017,インターネットインフィニティー,みずほ,03/21(火),東M,6545,"1,240-1,320","1,320","3,960","5,000",A,9,"5,932",75,"58.1,28.4,13.5,0,0","96,2.7,1.3,0,0","5,040",締切,https://kabu.96ut.com/article/ipo/2017017/
2017,力の源ホールディングス,野村,03/21(火),東M,3561,540-600,600,"1,200","1,500",A,9,"1,322",77,"13.3,56,24,6.7,0","79.2,13,3.9,3.9,0","2,230",締切,https://kabu.96ut.com/article/ipo/2017016/
2017,ジャパンエレベーターサービスホールディングス,野村,03/17(金),東M,6544,530-550,550,650,650,C,5,652,68,"1.5,5.9,33.8,51.5,7.3","0,10.3,41.2,48.5,0",890,締切,https://kabu.96ut.com/article/ipo/2017015/
2017,ビーグリー,日興,03/17(金),東M,3981,"1,820-1,880","1,880","2,100","2,100",B,6,"2,214",107,"2.8,13.1,36.4,34.6,13.1","1.9,5.6,38.3,54.2,0","1,881",締切,https://kabu.96ut.com/article/ipo/2017012/
2017,ほぼ日,みずほ,03/16(木),JQS,3560,"2,250-2,350","2,350","5,100","5,200",A,9,"5,118",85,"21.7,59,18.1,1.2,0","71.8,18.8,9.4,0,0","5,360",締切,https://kabu.96ut.com/article/ipo/2017013/
2017,うるる,野村,03/16(木),東M,3979,"2,840-3,000","3,000","3,100","3,200",C,4,"3,146",74,"1.4,2.9,23.2,49.3,23.2","1.4,4.1,9.5,81.1,3.9","3,330",締切,https://kabu.96ut.com/article/ipo/2017014/
2017,ファイズ,大和,03/15(水),東M,9325,"1,200-1,250","1,250","2,250","3,000",B,7,"2,344",77,"4,38.7,49.3,6.7,1.3","39,46.8,11.7,2.5,0","4,010",締切,https://kabu.96ut.com/article/ipo/2017011/
2017,ピーバンドットコム,SBI,03/09(木),東M,3559,"1,530-1,650","1,650","1,850","2,475",C,5,"2,490",105,"6.8,18.4,52.4,17.5,4.9","14.3,41,22.9,19,2.8","3,530",締切,https://kabu.96ut.com/article/ipo/2017009/
2017,ロコンド,野村,03/07(火),東M,3558,"1,660-1,850","1,850","1,660","1,800",D,3,"1,795",86,"1.2,1.2,8.5,54.9,34.1","0,4.7,8.1,86,1.2","2,625",締切,https://kabu.96ut.com/article/ipo/2017008/
2017,ユナイテッド＆コレクティブ,日興,02/23(木),東M,3557,"1,400-1,620","1,620","3,200","3,200",A,8,"3,034",76,"11,53.4,31.5,4.1,0","67.1,21.1,10.5,1.3,0","4,500",締切,https://kabu.96ut.com/article/ipo/2017005/
2017,レノバ,大和,02/23(木),東M,9519,660-750,750,"1,050","1,150",B,7,"1,088",79,"5.3,21.3,65.3,8,0","15.2,55.7,20.3,8.8,0","1,125",締切,https://kabu.96ut.com/article/ipo/2017006/
2017,フュージョン,岡三,02/23(木),札ア,3977,"1,000-1,140","1,140","2,200","2,400",A,8,"2,351",67,"11.5,55.7,29.5,3.3,0","79.1,17.9,1.5,1.5,0","2,872",締切,https://kabu.96ut.com/article/ipo/2017007/
2017,日宣,大和,02/16(木),JQS,6543,"1,540-1,600","1,600","2,500","2,500",B,7,"2,540",84,"4.9,25.9,60.5,7.4,1.2","10.7,57.1,23.8,7.1,1.2","3,000",締切,https://kabu.96ut.com/article/ipo/2017004/
2017,安江工務店,東海東京,02/10(金),JQS,1439,"1,130-1,250","1,250","1,300","1,400",C,5,"1,288",85,"1.3,1.3,34.2,46.8,16.4","0,2.4,31.8,65.8,0","1,300",締切,https://kabu.96ut.com/article/ipo/2017003/
2017,森トラスト・ホテルリート投資法人,野村,02/07(火),東R,3478,133k-143k,"143,000","143,000","143,000",C,5,"147,795",91,"1.2,1.2,14.3,41.7,41.6","0,0,0,96.7,3.3","145,000",締切,https://kabu.96ut.com/article/ipo/2017002/
2017,シャノン,東洋,01/27(金),東M,3976,"1,300-1,500","1,500","5,250","5,800",S,10,"5,381",129,"61.1,32.5,5.6,0,0.8","97.7,2.3,0,0,0","6,310",締切,https://kabu.96ut.com/article/ipo/2017001/
2018,レオス・キャピタルワークス,みずほ,12/25(火),東M,7330,"1,300-1,400","1,400","1,600",-,C,5,"1,927",114,"3.7,8.3,50.5,24.8,12.7","2.6,0.9,14.9,50,31.6",-,締切,https://kabu.96ut.com/article/ipo/2018099/
2018,ベルトラ,野村,12/25(火),東M,7048,360-384,384,800,500,A,8,929,100,"24.2,43.2,27.4,4.2,1","78,18,2,2,0",514,締切,https://kabu.96ut.com/article/ipo/2018098/
2018,リンク,SBI,12/25(火),東M,4428,"3,380-3,580","3,580","9,638","5,638",S,10,"10,873",111,"67,23.6,2.8,2.8,3.8","87.4,7.2,0,3.6,1.8","7,620",締切,https://kabu.96ut.com/article/ipo/2018097/
2018,自律制御システム研究所,みずほ,12/21(金),東M,6232,"3,000-3,400","3,400","4,500","3,600",B,6,"4,666",131,"9.6,22.4,36.8,13.6,17.6","4.6,13.7,42,22.1,17.6","2,830",締切,https://kabu.96ut.com/article/ipo/2018094/
2018,テノ．ホールディングス,野村,12/21(金),東M,7037,"1,870-1,920","1,920","4,000","2,200",B,7,"3,892",73,"14.7,41.2,26.5,11.8,5.8","60.3,31.5,4.1,4.1,0","2,400",締切,https://kabu.96ut.com/article/ipo/2018100/
2018,EduLab,日興,12/21(金),東M,4427,"2,800-3,200","3,200","3,600","3,500",B,6,"4,206",77,"9.6,23.3,47.9,16.4,2.7","7.8,37.7,42.9,11.6,0","3,270",締切,https://kabu.96ut.com/article/ipo/2018093/
2018,ポート,大和,12/21(金),東M,7047,"1,420-1,480","1,480","1,500","1,361",C,4,"1,479",73,"4.5,0,9,55.2,31.3","2.7,0,2.7,91.8,2.7",930,締切,https://kabu.96ut.com/article/ipo/2018095/
2018,Amazia,日興,12/20(木),東M,4424,"1,270-1,320","1,320","2,700","2,700",A,8,"3,024",87,"13.4,48.8,23.2,9.8,4.8","69,19.5,2.3,6.9,2.3","1,756",締切,https://kabu.96ut.com/article/ipo/2018090/
2018,ＡｍｉｄＡホールディングス,野村,12/20(木),東M,7671,"1,440-1,460","1,460","1,950","1,750",B,6,"2,101",79,"8.2,9.6,61.6,12.3,8.2","8.9,24.1,43,22.8,1.2","1,552",締切,https://kabu.96ut.com/article/ipo/2018096/
2018,Ｋｕｄａｎ,日興,12/19(水),東M,4425,"3,260-3,720","3,720","13,000","14,000",S,10,"18,827",107,"79,10.5,2.9,5.7,1.9","90.7,2.8,0.9,3.7,1.9","14,000",締切,https://kabu.96ut.com/article/ipo/2018092/
2018,ソフトバンク,野村/大和/日興/みずほ/三菱/SBI,12/19(水),東1,9434,"1,500-1,500","1,500","1,600","1,510",C,5,"1,690",608,"10.5,11.4,21.9,32.2,24","7.2,4.6,12.1,67.8,8.3","1,463",締切,https://kabu.96ut.com/article/ipo/2018086/
2018,田中建設工業,野村,12/18(火),JQS,1450,"2,210-2,400","2,400","3,300","2,800",B,7,"3,488",58,"7.3,25.5,56.4,9.1,1.7","13.8,39.7,39.7,5.2,1.6","2,570",締切,https://kabu.96ut.com/article/ipo/2018088/
2018,テクノスデータサイエンス・エンジニアリング,いちよし,12/18(火),東M,7046,"2,900-3,200","3,200","8,500","6,000",A,9,"8,554",86,"47,44.6,2.4,3.6,2.4","81.4,12.8,2.3,2.3,1.2","6,350",締切,https://kabu.96ut.com/article/ipo/2018091/
2018,ツクイスタッフ,日興,12/17(月),JQS,7045,"2,580-2,630","2,630","5,550","5,260",A,8,"5,750",72,"21.7,58,17.4,2.9,0","66.7,27.8,4.2,1.3,0","4,030",締切,https://kabu.96ut.com/article/ipo/2018085/
2018,グッドライフカンパニー,みずほ,12/17(月),JQS,2970,"1,550-1,600","1,600","2,800","2,200",B,7,"2,885",76,"10,35.7,48.6,5.7,0","31.6,52.6,15.8,0,0","1,951",締切,https://kabu.96ut.com/article/ipo/2018087/
2018,ＦＵＪＩジャパン,藍澤,12/13(木),札ア,1449,720-740,740,"1,000",880,B,6,"1,172",74,"10,18.6,51.4,14.3,5.7","21.6,32.4,32.4,12.2,1.4",907,締切,https://kabu.96ut.com/article/ipo/2018084/
2018,オーウエル,大和,12/13(木),東2,7670,700-750,750,950,900,B,6,935,84,"3.8,10,48.8,32.5,4.9","2.4,25,39.3,31,2.3",855,締切,https://kabu.96ut.com/article/ipo/2018083/
2018,アルテリア・ネットワークス,日興,12/12(水),東1,4423,"1,150-1,500","1,250","1,500","1,187",C,4,"1,390",85,"4.9,2.5,4.9,40.7,46.9","2.4,0,2.4,95.2,0","1,190",締切,https://kabu.96ut.com/article/ipo/2018089/
2018,アルー,野村,12/11(火),東M,7043,"1,300-1,370","1,370","3,000","3,000",A,8,"3,071",97,"13.2,54.9,17.6,4.4,9.9","78.4,9.3,3.1,2.1,7.1","2,010",締切,https://kabu.96ut.com/article/ipo/2018081/
2018,ピアラ,SBI,12/11(火),東M,7044,"2,350-2,550","2,550","6,800","6,500",A,9,"12,378",245,"61.2,32.1,3.8,2.5,0.4","94.7,1.2,0,0.4,3.7","5,030",締切,https://kabu.96ut.com/article/ipo/2018082/
2018,霞ヶ関キャピタル,みずほ,11/28(水),東M,3498,"3,000-3,240","3,240","7,500","6,800",B,7,"6,815",90,"8.2,49.4,30.6,8.2,3.5","30,48.9,12.2,7.8,1.1","6,240",締切,https://kabu.96ut.com/article/ipo/2018080/
2018,アクセスグループ・ホールディングス,大和,11/06(火),JQS,7042,"1,240-1,340","1,340","3,500","3,500",A,8,"3,438",73,"15.7,64.3,15.7,2.9,1.4","95.9,1.4,0,2.7,0","3,500",締切,https://kabu.96ut.com/article/ipo/2018079/
2018,ＶＡＬＵＥＮＥＸ,SBI,10/30(火),東M,4422,"1,700-1,840","1,840","4,500","4,100",A,9,"4,801",106,"29.8,60.6,6.7,2.9,0","92.5,5.7,0,1.8,0","4,300",締切,https://kabu.96ut.com/article/ipo/2018078/
2018,リーガル不動産,日興,10/23(火),東M,3497,"1,360-1,380","1,380","2,100","2,180",B,7,"2,051",73,"1.4,22.5,62,8.5,5.6","9.6,31.5,39.7,17.8,1.4","1,972",締切,https://kabu.96ut.com/article/ipo/2018077/
2018,ディ・アイ・システム,日興,10/19(金),JQS,4421,"1,220-1,280","1,280","3,000","3,000",A,9,"3,497",81,"17.7,63.3,16.5,2.5,0","93.8,3.7,0,1.2,1.2","3,300",締切,https://kabu.96ut.com/article/ipo/2018075/
2018,ギフト,野村,10/19(金),東M,9279,"1,900-2,090","2,090","3,150","3,150",B,7,"3,167",84,"6.3,28.8,58.8,5,1.1","15.5,57.1,22.6,3.6,1.2","3,710",締切,https://kabu.96ut.com/article/ipo/2018076/
2018,プリントネット,みずほ,10/18(木),JQS,7805,"1,360-1,400","1,400","2,100","2,300",B,6,"2,309",96,"4.4,33.3,52.2,7.8,2.2","15.6,56.3,25,2.1,1","2,041",締切,https://kabu.96ut.com/article/ipo/2018074/
2018,イーソル,野村,10/12(金),東M,4420,"1,580-1,680","1,680","2,940","2,680",B,7,"3,028",72,"2.9,42.6,44.1,4.4,5.9","56.9,29.2,9.7,1.4,2.8","4,000",締切,https://kabu.96ut.com/article/ipo/2018073/
2018,Ｄｅｌｔａ－ＦｌｙＰｈａｒｍａ,みずほ,10/12(金),東M,4598,"4,570-4,770","4,770","4,770","4,770",C,4,"4,984",84,"7.4,2.5,22.2,39.5,28.4","6,0,9.5,83.3,1.2","4,385",締切,https://kabu.96ut.com/article/ipo/2018072/
2018,ＣＲＧホールディングス,大和,10/10(水),東M,7041,"1,020-1,120","1,120","2,200","2,200",A,8,"2,141",77,"3.9,34.2,56.6,5.3,0","50.6,41.6,6.5,0,1.3","1,832",締切,https://kabu.96ut.com/article/ipo/2018071/
2018,ブリッジインターナショナル,日興,10/03(水),東M,7039,"2,090-2,310","2,310","4,000","5,000",B,7,"4,133",76,"4.1,42.5,46.6,6.8,0","40.8,52.6,3.9,1.3,1.3","4,920",締切,https://kabu.96ut.com/article/ipo/2018070/
2018,ワールド,野村,09/28(金),東1,3612,"2,900-3,200","2,900","3,000","2,755",D,2,"3,090",101,"6.1,3.1,6.1,20.4,64.3","7.9,0,1,52.5,38.6","2,755",締切,https://kabu.96ut.com/article/ipo/2018066/
2018,フロンティア・マネジメント,みずほ,09/28(金),東M,7038,"2,160-2,260","2,260","4,000","4,000",A,8,"4,042",67,"4.8,49.2,41.3,3.2,1.5","20.9,64.2,10.4,1.5,3","5,000",締切,https://kabu.96ut.com/article/ipo/2018068/
2018,極東産機,日興,09/27(木),JQS,6233,395-405,405,500,500,C,5,519,73,"2.8,5.6,53.5,33.8,4.2","2.7,12.3,63,20.5,1.4",696,締切,https://kabu.96ut.com/article/ipo/2018067/
2018,東京インフラ・エネルギー投資法人,野村,09/27(木),東イ,9285,97k-100k,"97,000","94,000","92,635",D,2,"94,181",72,"4.3,0,4.3,21.4,70","5.6,0,0,93.1,1.3","92,600",締切,https://kabu.96ut.com/article/ipo/2018069/
2018,ＳＢＩインシュアランスグループ,みずほ,09/27(木),東M,7326,"1,800-2,160","2,160","2,160","2,160",C,4,"2,351",127,"2.4,6.5,29.3,39.8,22","1.6,1.6,17.3,76.4,3.1","2,160",締切,https://kabu.96ut.com/article/ipo/2018065/
2018,ブロードバンドセキュリティ,みずほ,09/26(水),JQS,4398,690-750,750,"2,200","2,000",A,9,"2,106",75,"15.3,55.6,23.6,4.2,1.3","76,16,4,4,0","2,001",締切,https://kabu.96ut.com/article/ipo/2018063/
2018,アイリックコーポレーション,野村,09/25(火),東M,7325,"1,600-1,770","1,770","2,340","2,820",B,7,"2,616",70,"10.6,19.7,53,12.1,4.5","32.9,42.9,15.7,8.5,0","2,226",締切,https://kabu.96ut.com/article/ipo/2018064/
2018,イーエムネットジャパン,みずほ,09/21(金),東M,7036,"2,880-3,000","3,000","6,500","6,800",A,9,"6,449",71,"16.2,52.9,22.1,7.4,1.4","66.2,22.5,4.2,7,0","7,000",締切,https://kabu.96ut.com/article/ipo/2018061/
2018,アズーム,みずほ,09/20(木),東M,3496,"2,900-3,000","3,000","6,000","5,200",A,8,"5,892",76,"19.2,54.8,20.5,5.5,0","56.6,34.2,9.2,0,0","6,400",締切,https://kabu.96ut.com/article/ipo/2018060/
2018,テノ．ホールディングス,野村,09/20(木),東M,7037,"4,440-4,600","4,600","7,000",-,B,7,"6,528",72,"6,29.9,55.2,6,2.9","9.7,31.9,40.3,18.1,0",-,締切,https://kabu.96ut.com/article/ipo/2018062/
2018,香陵住販,みずほ,09/13(木),JQS,3495,"1,600-1,700","1,700","2,200","2,000",B,6,"2,590",76,"5.4,13.5,58.1,20.3,2.7","13.2,34.2,39.5,13.1,0","1,970",締切,https://kabu.96ut.com/article/ipo/2018059/
2018,マリオン,SBI,09/13(木),JQS,3494,"2,200-2,380","2,380","5,000","3,800",A,8,"5,133",83,"16.5,55.7,19,7.6,1.2","74.7,20.5,4.8,0,0","3,800",締切,https://kabu.96ut.com/article/ipo/2018058/
2018,伊藤忠アドバンス・ロジスティクス投資法人,日興,09/07(金),東R,3493,100k-103k,"103,000","108,000","105,000",C,5,"104,592",96,"2.1,1.1,19.1,50,27.7","1,0,5.2,93.8,0","99,300",締切,https://kabu.96ut.com/article/ipo/2018056/
2018,ａｎｄｆａｃｔｏｒｙ,みずほ,09/06(木),東M,7035,"2,470-2,570","2,570","5,800","5,000",A,8,"5,632",99,"15.8,67.4,13.7,2.1,1","76.8,19.2,3,1,0","4,010",締切,https://kabu.96ut.com/article/ipo/2018055/
2018,ナルミヤ・インターナショナル,日興,09/06(木),東2,9275,"1,540-1,560","1,560","1,550","1,490",D,3,"1,697",98,"4.2,2.1,7.3,37.5,48.9","3.1,3.1,2,85.7,6.1","1,501",締切,https://kabu.96ut.com/article/ipo/2018057/
2018,チームスピリット,野村,08/22(水),東M,4397,"1,000-1,200","1,200","2,400","2,500",B,7,"2,686",99,"10.6,39.4,36.2,9.6,4.2","84.8,9.1,1,2,3","2,417",締切,https://kabu.96ut.com/article/ipo/2018054/
2018,システムサポート,大和,08/02(木),東M,4396,"1,650-1,750","1,750","3,300","3,500",A,8,"4,165",92,"18.2,54.5,22.7,4.5,0","76.1,19.6,3.3,1,0","4,000",締切,https://kabu.96ut.com/article/ipo/2018053/
2018,イボキン,東海東京,08/02(木),JQS,5699,"1,760-1,930","1,930","2,500","2,500",B,6,"2,388",98,"2.2,6.5,48.4,35.5,7.4","4.1,22.4,38.8,31.6,3.1","2,310",締切,https://kabu.96ut.com/article/ipo/2018052/
2018,タカラレーベン不動産投資法人,日興,07/27(金),東R,3492,96k-100k,"96,000","102,000","92,500",C,4,"101,937",117,"6.4,3.7,7.3,45,37.6","6.8,1.7,2.6,86.3,2.6","92,000",締切,https://kabu.96ut.com/article/ipo/2018051/
2018,プロレド・パートナーズ,みずほ,07/27(金),東M,7034,"4,100-4,250","4,250","7,200","6,375",A,8,"7,147",75,"11.1,55.6,27.8,4.2,1.3","17.3,62.7,14.7,4,1.3","7,170",締切,https://kabu.96ut.com/article/ipo/2018049/
2018,アクリート,日興,07/26(木),東M,4395,690-770,770,"1,800","1,800",B,7,"2,213",73,"14.7,52.9,25,5.9,1.5","94.5,2.7,0,1.4,1.4","1,542",締切,https://kabu.96ut.com/article/ipo/2018050/
2018,エクスモーション,SBI,07/26(木),東M,4394,"3,140-3,340","3,340","6,500","6,500",A,8,"8,108",127,"36.1,49.2,11.5,2.5,0.7","74,24.4,0.8,0.8,0","5,000",締切,https://kabu.96ut.com/article/ipo/2018048/
2018,ＧＡｔｅｃｈｎｏｌｏｇｉｅｓ,SBI,07/25(水),東M,3491,"2,310-2,510","2,510","5,500","4,800",A,9,"7,047",129,"36.5,46.8,11.1,2.4,3.2","86.8,7,0.8,1.6,3.8","5,780",締切,https://kabu.96ut.com/article/ipo/2018046/
2018,バンク・オブ・イノベーション,大和,07/24(火),東M,4393,870-960,960,"3,600","2,880",A,9,"3,775",78,"41.1,37,12.3,4.1,5.5","94.9,1.3,0,1.3,2.5","2,000",締切,https://kabu.96ut.com/article/ipo/2018047/
2018,マネジメントソリューションズ,みずほ,07/23(月),東M,7033,"2,000-2,100","2,100","6,000","6,000",A,9,"6,112",94,"36.4,52.3,9.1,1.1,1.1","90.4,4.3,1.1,4.2,0","4,500",締切,https://kabu.96ut.com/article/ipo/2018045/
2018,ＭＴＧ,野村,07/10(火),東M,7806,"5,290-5,800","5,800","7,200","7,500",B,6,"8,449",186,"22.5,20.3,46.2,7.7,3.3","19.9,28.5,37.6,11.8,2.2","7,050",締切,https://kabu.96ut.com/article/ipo/2018042/
2018,キャンディル,野村,07/05(木),東M,1446,"1,160-1,180","1,180","2,500","2,100",B,7,"2,650",86,"6.1,26.8,59.8,6.1,1.2","70.9,20.9,2.3,4.7,1.2","1,800",締切,https://kabu.96ut.com/article/ipo/2018044/
2018,ロジザード,野村,07/04(水),東M,4391,800-900,900,"2,700","2,100",A,9,"3,026",80,"24,53.3,17.3,5.3,0","91.3,2.5,1.3,4.9,0","2,500",締切,https://kabu.96ut.com/article/ipo/2018043/
2018,スプリックス,野村,06/29(金),東1,7030,"2,180-2,400","2,400","3,150","3,150",B,6,"3,368",134,"13.3,14.1,56.3,14.1,2.2","18.7,27.6,41,11.9,0.7","2,587",締切,https://kabu.96ut.com/article/ipo/2018038/
2018,パデコ,SBI,06/28(木),JQS,7032,,未,未,-,,,"3,226",25,"0,54.2,29.2,12.5,4.1","32,40,12,12,4",-,締切,https://kabu.96ut.com/article/ipo/2018041/
2018,インバウンドテック,東海東京,06/27(水),東M,7031,"3,810-3,980","3,980","9,000",-,A,8,"8,955",77,"33.3,44.4,18.1,4.2,0","57.1,23.4,13,5.2,1.3",-,締切,https://kabu.96ut.com/article/ipo/2018040/
2018,アイ・ピー・エス（銘柄名：ＩＰＳ）,みずほ,06/27(水),東M,4390,"3,730-3,900","3,900","8,000","5,850",A,8,"8,481",77,"30,57.1,8.6,4.3,0","68.8,23.4,2.6,5.2,0","6,670",締切,https://kabu.96ut.com/article/ipo/2018039/
2018,プロパティデータバンク,三菱,06/27(水),東M,4389,"1,660-1,780","1,780","4,100","4,100",A,8,"4,746",70,"15.2,71.2,10.6,3,0","92.9,1.4,2.9,2.8,0","4,100",締切,https://kabu.96ut.com/article/ipo/2018037/
2018,エーアイ,SBI,06/27(水),東M,4388,"900-1,000","1,000","3,500","3,000",A,9,"4,179",115,"54.6,38.9,3.7,1.9,0.9","96.5,0.9,0.9,0.9,0.8","3,500",締切,https://kabu.96ut.com/article/ipo/2018036/
2018,国際紙パルプ商事,みずほ,06/26(火),東1,9274,314-344,344,380,430,C,5,402,118,"3.5,7.1,26.5,53.1,9.7","0.8,6.8,25.4,64.4,2.5",450,締切,https://kabu.96ut.com/article/ipo/2018035/
2018,ライトアップ,SBI,06/22(金),東M,6580,"2,660-2,820","2,820","4,500","4,000",B,7,"4,931",100,"8.6,48.4,38.7,3.2,1.1","31,52,11,5,1","3,725",締切,https://kabu.96ut.com/article/ipo/2018032/
2018,ＳＩＧ,岡三,06/21(木),JQS,4386,"1,600-2,000","2,000","6,000","6,000",A,9,"5,786",87,"24.1,63.9,9.6,2.4,0","92,4.6,2.3,1.1,0","4,665",締切,https://kabu.96ut.com/article/ipo/2018030/
2018,ＺＵＵ,野村,06/21(木),東M,4387,"1,440-1,600","1,600","5,280","5,280",A,9,"5,661",85,"37.8,42.7,17.1,1.2,1.2","94.1,3.5,1.2,0,1.2","5,550",締切,https://kabu.96ut.com/article/ipo/2018033/
2018,コーア商事ホールディングス,三菱,06/21(木),東2,9273,"2,590-2,670","2,670","2,800","2,850",C,5,"3,121",90,"2.3,9.2,52.9,33.3,2.3","0,7.8,37.8,50,4.4","4,000",締切,https://kabu.96ut.com/article/ipo/2018034/
2018,ログリー,日興,06/20(水),東M,6579,"1,680-1,860","1,860","5,500","6,000",A,9,"5,520",89,"27.9,53.5,17.4,0,1.2","85.4,10.1,3.4,1.1,0","4,635",締切,https://kabu.96ut.com/article/ipo/2018031/
2018,メルカリ,大和/三菱,06/19(火),東M,4385,"2,700-3,000","3,000","5,000","5,300",B,7,"5,016",295,"23.3,44.1,28.8,2.1,1.7","47.1,33.2,14.2,4.1,1.4","5,000",締切,https://kabu.96ut.com/article/ipo/2018029/
2018,ラクスル,大和/三菱,05/31(木),東M,4384,"1,300-1,500","1,500","1,450","1,510",C,4,"1,509",189,"4.9,3.3,18.5,38.6,34.7","4.8,1.6,13.8,77.8,2","1,645",締切,https://kabu.96ut.com/article/ipo/2018028/
2018,エヌリンクス,SBI,04/27(金),JQS,6578,"1,670-1,810","1,810","4,500","4,800",B,7,"4,780",127,"25.6,36.8,28,7.2,2.4","82.7,10.2,3.1,3.9,0","3,780",締切,https://kabu.96ut.com/article/ipo/2018027/
2018,ベストワンドットコム,日興,04/25(水),東M,6577,"4,130-4,330","4,330","13,760","15,500",A,9,"14,941",79,"47.4,35.5,13.2,2.6,1.3","87.3,6.3,2.5,3.8,0","14,830",締切,https://kabu.96ut.com/article/ipo/2018025/
2018,アイペット損害保険,大和,04/25(水),東M,7323,"2,600-2,850","2,850","6,000","6,400",A,8,"6,569",126,"32,53.3,13.1,0.8,0.8","83.3,13.5,2.4,0.8,0","4,500",締切,https://kabu.96ut.com/article/ipo/2018026/
2018,ＨＥＲＯＺ,日興,04/20(金),東M,4382,"3,940-4,500","4,500","22,500","25,000",S,10,"22,498",139,"91.9,6.6,0.7,0,0.7","97.8,2.2,0,0,0","49,000",締切,https://kabu.96ut.com/article/ipo/2018024/
2018,コンヴァノ,野村,04/11(水),東M,6574,890-930,930,"2,600","2,500",A,9,"2,706",70,"9,56.7,28.4,3,2.9","88.6,5.7,4.3,0,1.4","2,189",締切,https://kabu.96ut.com/article/ipo/2018022/
2018,ヒューマン・アソシエイツ・ホールディングス,大和/日興,04/10(火),東M,6575,"1,040-1,170","1,170","3,300","4,000",A,9,"3,618",72,"13,65.2,18.8,1.4,1.4","95.8,2.8,0,1.4,0","3,600",締切,https://kabu.96ut.com/article/ipo/2018023/
2018,ビープラッツ,野村,04/04(水),東M,4381,"1,950-2,200","2,200","6,500","7,000",A,9,"7,330",70,"45.6,36.8,13.2,2.9,1.5","90,4.3,2.9,1.4,1.4","10,000",締切,https://kabu.96ut.com/article/ipo/2018021/
2018,ブティックス,野村,04/03(火),東M,9272,"1,270-1,350","1,350","3,000","3,150",B,7,"3,263",66,"13.3,51.7,28.3,5,1.7","89.4,7.6,1.5,1.5,0","3,210",締切,https://kabu.96ut.com/article/ipo/2018020/
2018,日本リビング保証,みずほ,03/30(金),東M,7320,"1,700-1,760","1,760","5,200","6,160",A,8,"5,820",68,"35.4,44.6,13.8,3.1,3.1","88.2,5.9,2.9,1.5,1.5","5,100",締切,https://kabu.96ut.com/article/ipo/2018017/
2018,アズ企画設計,みずほ,03/29(木),JQS,3490,"2,060-2,160","2,160","4,400","4,960",B,7,"4,406",68,"4.5,42.4,47,4.5,1.5","41.2,47.1,8.8,1.5,1.4","4,705",締切,https://kabu.96ut.com/article/ipo/2018018/
2018,和心,日興,03/29(木),東M,9271,"1,620-1,700","1,700","3,900","4,500",A,8,"4,167",79,"5.2,58.4,33.8,2.6,0","81,10.1,7.6,1.3,0","4,555",締切,https://kabu.96ut.com/article/ipo/2018019/
2018,アジャイルメディア・ネットワーク,みずほ,03/28(水),東M,6573,"2,800-3,000","3,000","12,000","13,000",A,9,"12,811",85,"78.6,17.9,2.4,0,1.1","97.6,2.4,0,0,0","15,470",締切,https://kabu.96ut.com/article/ipo/2018016/
2018,ＲＰＡホールディングス,SBI,03/27(火),東M,6572,"3,370-3,570","3,570","11,000","8,200",A,9,"10,886",134,"53.8,35.4,6.9,1.5,2.3","85.1,7.5,3.7,3.7,0","14,280",締切,https://kabu.96ut.com/article/ipo/2018015/
2018,ファイバーゲート,日興,03/23(金),東M,9450,"910-1,050","1,050","2,500","2,500",A,9,"2,667",85,"10.7,70.2,16.7,1.2,1.2","89.4,8.2,1.2,1.2,0","2,388",締切,https://kabu.96ut.com/article/ipo/2018014/
2018,キュービーネットホールディングス,大和/三菱,03/23(金),東1,6571,"2,000-2,250","2,250","2,500","2,500",C,5,"2,447",119,"2.6,3.4,35.3,41.4,17.2","0.8,1.7,14.3,81.5,1.7","2,115",締切,https://kabu.96ut.com/article/ipo/2018013/
2018,ＳＯＵ,日興,03/22(木),東M,9270,"3,090-3,300","3,300","3,500","4,000",B,6,"4,022",114,"6.3,15.3,38.7,33.3,6.3","6.1,14,28.1,50.9,0.9","4,100",締切,https://kabu.96ut.com/article/ipo/2018012/
2018,信和,野村,03/20(火),東2,3447,"1,150-1,300","1,150","1,250","1,085",D,2,"1,269",100,"0,0,9.6,28.7,61.7","1,1,1,72,25","1,106",締切,https://kabu.96ut.com/article/ipo/2018011/
2018,共和コーポレーション,野村,03/19(月),東2,6570,"1,430-1,590","1,590","2,250","2,900",B,6,"2,402",77,"2.7,11,69.9,16.4,0","16.9,42.9,35.1,5.1,0","2,511",締切,https://kabu.96ut.com/article/ipo/2018010/
2018,日総工産,みずほ,03/16(金),東1,6569,"3,130-3,250","3,250","3,350","3,550",C,5,"3,780",98,"2.1,5.3,42.1,33.7,16.8","0,1,13.3,84.7,1","4,020",締切,https://kabu.96ut.com/article/ipo/2018007/
2018,フェイスネットワーク,野村,03/16(金),東M,3489,"1,340-1,400","1,400","2,000","2,500",B,6,"2,294",86,"2.5,18.8,67.5,10,1.2","19.8,41.9,29.1,8.1,1.1","3,200",締切,https://kabu.96ut.com/article/ipo/2018009/
2018,神戸天然物化学,日興,03/15(木),東M,6568,"2,140-2,340","2,340","3,300","3,300",B,6,"3,200",103,"3,16,63,15,3","4.9,21.4,48.5,25.2,0","3,665",締切,https://kabu.96ut.com/article/ipo/2018008/
2018,ＳＥＲＩＯホールディングス,野村,03/02(金),東M,6567,"1,700-1,780","1,780","3,400","4,100",B,7,"3,275",106,"3.9,38.2,50,6.9,1","33,42.5,15.1,9.4,0","4,100",締切,https://kabu.96ut.com/article/ipo/2018006/
2018,ジェイテックコーポレーション,日興,02/28(水),東M,3446,"2,100-2,250","2,250","5,500","6,000",A,9,"6,053",124,"28.2,60.7,10.3,0,0.8","85.5,9.7,2.4,1.6,0.8","9,700",締切,https://kabu.96ut.com/article/ipo/2018005/
2018,Ｍマート,みずほ,02/23(金),東M,4380,"1,140-1,240","1,240","5,100","5,000",A,9,"4,782",156,"33.8,57.4,8.1,0,0.7","95.5,2.6,1.3,0.6,0","5,380",締切,https://kabu.96ut.com/article/ipo/2018004/
2018,ザイマックス・リート投資法人,日興,02/15(木),東R,3488,100k-105k,"105,000","110,000","105,000",C,5,"109,166",136,"1.5,1.5,24.4,58.8,13.7","0.7,0.7,8.1,90.4,0","104,000",締切,https://kabu.96ut.com/article/ipo/2018003/
2018,世紀,野村,02/08(木),東M,6234,,未,未,-,,,"10,367",70,"8.7,59.4,27.5,2.9,1.4","42.9,44.3,10,2.8,0",-,締切,https://kabu.96ut.com/article/ipo/2018002/
2018,ＣＲＥロジスティクスファンド投資法人,日興,02/07(水),東R,3487,108k-110k,"110,000","130,000","120,000",C,5,"118,721",172,"1.8,4.8,49.4,34.9,9","1.2,0,14.5,84.3,0","104,500",締切,https://kabu.96ut.com/article/ipo/2018001/
2019,スポーツフィールド,日興,12/26(木),東M,7080,"2,570-2,730","2,730","5,000","7,000",A,8,"5,424",66,"9.4,54.7,29.7,6.2,0","53,27.3,12.1,7.6,0","8,500",締切,https://kabu.96ut.com/article/ipo/2019091/
2019,AI inside,野村,12/25(水),東M,4488,"3,000-3,600","3,600","7,500","9,000",A,8,"7,714",72,"34.8,50.7,13,1.4,0","81.9,13.9,2.8,1.4,0","12,600",締切,https://kabu.96ut.com/article/ipo/2019092/
2019,ＷＤＢココ,日興,12/25(水),東M,7079,"1,390-1,530","1,530","2,100","3,100",B,7,"2,580",74,"2.9,32.9,58.6,5.6,0","29.7,50,16.2,4.1,0","3,400",締切,https://kabu.96ut.com/article/ipo/2019089/
2019,global bridge HOLDINGS,みずほ,12/23(月),東M,6557,"2,590-2,690","2,690","2,800","3,500",C,5,"3,094",64,"3.2,11.1,39.7,38.1,7.9","3.1,4.7,31.3,59.4,1.5","4,020",締切,https://kabu.96ut.com/article/ipo/2019090/
2019,カクヤス,野村,12/23(月),東2,7686,"1,520-1,600","1,600","1,650","1,800",C,4,"1,687",72,"0,2.9,31.4,40,25.7","0,1.4,13.9,84.7,0","1,866",締切,https://kabu.96ut.com/article/ipo/2019086/
2019,ファンペップ,みずほ,12/20(金),東M,4881,,未,未,-,,,491,7,"14.3,0,57.1,14.3,14.3","14.3,0,57.1,28.6,0",-,締切,https://kabu.96ut.com/article/ipo/2019087/
2019,スペースマーケット,大和,12/20(金),東M,4487,520-590,590,830,"1,180",B,7,953,79,"10.8,23,52.7,12.2,1.3","20.3,62,15.2,2.5,0","1,306",締切,https://kabu.96ut.com/article/ipo/2019083/
2019,INCLUSIVE,みずほ,12/20(金),東M,7078,"2,010-2,110","2,110","2,300","3,500",C,5,"2,844",69,"9.1,15.2,47,27.3,1.4","5.8,2.9,33.3,58,0","4,535",締切,https://kabu.96ut.com/article/ipo/2019088/
2019,SREホールディングス,日興,12/19(木),東M,2980,"2,550-2,650","2,650","2,800","2,650",C,5,"2,814",81,"2.6,6.5,16.9,42.9,31.1","1.2,0,3.7,92.6,2.5","2,475",締切,https://kabu.96ut.com/article/ipo/2019081/
2019,ランディックス,大和,12/19(木),東M,2981,"1,530-1,630","1,630","2,230","2,500",B,6,"2,536",68,"1.6,25.8,66.1,6.5,0","13.2,55.9,27.9,2.9,0","3,660",締切,https://kabu.96ut.com/article/ipo/2019084/
2019,ユナイトアンドグロウ,日興,12/18(水),東M,4486,"1,210-1,270","1,270","2,960","3,200",A,8,"3,270",82,"25,53.9,17.1,3.9,0","84.1,9.8,4.9,1.2,0","3,205",締切,https://kabu.96ut.com/article/ipo/2019085/
2019,ＪＴＯＷＥＲ,日興,12/18(水),東M,4485,"1,550-1,600","1,600","1,650","1,950",C,5,"1,701",83,"5,6.3,16.3,46.3,26.1","4.8,0,16.9,77.1,1.2","2,620",締切,https://kabu.96ut.com/article/ipo/2019078/
2019,BuySell Technologies,SBI,12/18(水),東M,7685,"1,790-1,930","1,930","2,800","2,800",B,7,"2,776",88,"4.8,27.7,57.8,9.6,0","3.4,46.6,40.9,9.1,0","3,720",締切,https://kabu.96ut.com/article/ipo/2019082/
2019,フリー,三菱/大和,12/17(火),東M,4478,"1,800-2,000","2,000","2,020","2,300",C,4,"1,887",115,"3.6,1.8,16.2,26.1,52.3","3.5,0,15.7,64.3,16.5","2,500",締切,https://kabu.96ut.com/article/ipo/2019072/
2019,ウィルズ,みずほ,12/17(火),東M,4482,910-960,960,"2,000","3,000",A,9,"2,263",67,"7.7,69.2,20,3.1,0","85.1,11.9,3,0,0","4,535",締切,https://kabu.96ut.com/article/ipo/2019076/
2019,ランサーズ,大和,12/16(月),東M,4484,660-730,730,710,672,D,3,722,88,"2.3,0,7,29.1,61.6","2.2,0,1.1,34.4,62.3",842,締切,https://kabu.96ut.com/article/ipo/2019080/
2019,ベース,みずほ,12/16(月),東2,4481,"4,600-4,700","4,700","5,710","6,500",B,7,"6,529",90,"9.2,28.7,52.9,6.9,2.3","5.6,22.2,47.8,23.3,1.1","9,050",締切,https://kabu.96ut.com/article/ipo/2019077/
2019,ＪＭＤＣ,野村,12/16(月),東M,4483,"2,780-2,950","2,950","3,330","3,500",C,5,"3,252",94,"2.2,10.1,38.2,40.4,9","2.1,2.1,24.5,71.3,0","3,910",締切,https://kabu.96ut.com/article/ipo/2019079/
2019,メドレー,大和,12/12(木),東M,4480,"1,280-1,300","1,300","1,250","1,300",D,3,"1,315",112,"3.7,5.6,13,36.1,41.6","2.7,0,1.8,91.1,4.4","1,270",締切,https://kabu.96ut.com/article/ipo/2019074/
2019,マクアケ,大和,12/11(水),東M,4479,"1,500-1,550","1,550","2,500","2,800",A,8,"2,598",101,"10.6,37.2,44.7,7.4,0","15.8,54.5,23.8,4,1.9","2,710",締切,https://kabu.96ut.com/article/ipo/2019075/
2019,SOSiLA物流リート投資法人,日興,12/10(火),東R,2979,100k-103k,"103,000","110,000","113,000",B,6,"105,225",105,"1.9,2.9,33.7,30.8,30.7","0,1,3.8,95.2,0","112,500",締切,https://kabu.96ut.com/article/ipo/2019070/
2019,テクノフレックス,大和,12/10(火),東2,3449,870-900,900,950,"1,000",C,5,"1,018",87,"1.2,8.2,38.8,45.9,5.9","0,3.4,28.7,67.8,0","1,062",締切,https://kabu.96ut.com/article/ipo/2019073/
2019,ＡＬｉＮＫインターネット,野村,12/10(火),東M,7077,"1,560-1,700","1,700","3,300","3,300",A,8,"3,105",77,"2.7,49.3,40,6.7,1.3","64.9,20.8,9.1,3.9,1.3","4,020",締切,https://kabu.96ut.com/article/ipo/2019071/
2019,名南Ｍ＆Ａ,東海東京,12/02(月),名セ,7076,"1,720-2,000","2,000","3,000","3,000",B,7,"2,772",92,"1.1,20,57.8,15.6,5.5","10.9,57.6,18.5,12,1","2,900",締切,https://kabu.96ut.com/article/ipo/2019069/
2019,トゥエンティーフォーセブン,日興,11/21(木),東M,7074,"3,270-3,420","3,420","3,850","3,850",B,6,"3,984",107,"2.9,12.6,57.3,20.4,6.8","0.9,6.5,46.7,43.9,1.9","3,800",締切,https://kabu.96ut.com/article/ipo/2019068/
2019,ダブルエー,みずほ,11/01(金),東M,7683,"4,490-4,690","4,690","4,650","5,000",C,4,"4,722",80,"3.8,5.1,11.5,47.4,32.1","2.5,1.3,0,95,1.2","4,680",締切,https://kabu.96ut.com/article/ipo/2019067/
2019,恵和,大和,10/30(水),東2,4251,700-770,770,800,820,C,4,825,94,"3.3,3.3,22.2,56.7,14.4","3.2,1.1,3.2,89.4,3.1","1,026",締切,https://kabu.96ut.com/article/ipo/2019065/
2019,ジェイック,日興,10/29(火),東M,7073,"4,610-4,750","4,750","9,000","9,000",A,8,"9,008",73,"26.8,46.5,19.7,7,0","37,38.4,16.4,8.2,0","10,320",締切,https://kabu.96ut.com/article/ipo/2019066/
2019,セルソース,みずほ,10/28(月),東M,4880,"2,180-2,280","2,280","5,800","5,000",A,8,"6,225",93,"26.4,56,15.4,2.2,0","82.8,8.6,6.5,1.1,1","6,020",締切,https://kabu.96ut.com/article/ipo/2019063/
2019,BASE,大和/SBI,10/25(金),東M,4477,"1,150-1,300","1,300","1,100","1,202",D,3,"1,204",120,"3.4,1.7,4.3,19.8,70.7","2.5,0.8,0,22.5,74.2","1,210",締切,https://kabu.96ut.com/article/ipo/2019064/
2019,インティメート・マージャー,みずほ,10/24(木),東M,7072,"1,700-1,900","1,900","4,000","4,370",A,9,"5,784",76,"27.4,53.4,15.1,4.1,0","61.8,30.3,2.6,5.3,0","4,000",締切,https://kabu.96ut.com/article/ipo/2019062/
2019,浜木綿,野村,10/18(金),JQS,7682,"2,020-2,120","2,120","2,250","2,400",C,5,"2,471",80,"3.9,7.8,42.9,39,6.4","3.8,3.8,27.5,64.9,0","2,950",締切,https://kabu.96ut.com/article/ipo/2019061/
2019,ワシントンホテル,三菱,10/18(金),東2,4691,"1,280-1,310","1,310","1,390","1,390",C,5,"1,376",90,"3.5,1.2,29.1,52.3,13.9","2.2,0,7.8,90,0","1,462",締切,https://kabu.96ut.com/article/ipo/2019060/
2019,アンビスホールディングス,野村,10/09(水),JQS,7071,"2,610-2,800","2,800","3,050","3,100",B,6,"3,233",75,"2.7,12.3,58.9,23.3,2.7","2.7,6.7,36,54.6,0","4,260",締切,https://kabu.96ut.com/article/ipo/2019058/
2019,HENNGE,野村,10/08(火),東M,4475,"1,200-1,400","1,400","2,800","2,400",A,8,"3,041",82,"11.1,65.4,19.8,2.5,1.2","91.5,7.3,0,1.2,0","2,001",締切,https://kabu.96ut.com/article/ipo/2019057/
2019,AI CROSS,SBI,10/08(火),東M,4476,"990-1,090","1,090","2,507","1,900",A,8,"2,769",93,"16.5,57.1,22,3.3,1.1","79.6,18.3,1.1,1,0","1,800",締切,https://kabu.96ut.com/article/ipo/2019059/
2019,レオクラン,日興,10/02(水),東2,7681,"2,480-2,700","2,700","3,000","2,800",C,5,"3,017",90,"2.3,2.3,39.1,47.1,9.2","1.1,0,6.7,91.1,1.1","2,920",締切,https://kabu.96ut.com/article/ipo/2019056/
2019,パワーソリューションズ,大和,10/01(火),東M,4450,"1,870-2,000","2,000","5,500","5,000",A,9,"5,199",90,"25.9,56.5,15.3,2.3,0","85.6,11.1,2.2,1.1,0","5,110",締切,https://kabu.96ut.com/article/ipo/2019055/
2019,HPCシステムズ,日興,09/26(木),東M,6597,"1,930-1,990","1,990","2,400","2,000",B,6,"2,418",100,"2.1,12.4,45.4,34,6.1","6,4,35,55,0","1,870",締切,https://kabu.96ut.com/article/ipo/2019054/
2019,Chatwork,大和,09/24(火),東M,4448,"1,440-1,600","1,600","1,800","1,600",B,6,"1,800",135,"3.1,10.8,29.2,39.2,17.7","2.2,6.7,11.9,77,2.2","1,480",締切,https://kabu.96ut.com/article/ipo/2019050/
2019,ギフティ,野村,09/20(金),東M,4449,"1,300-1,500","1,500","2,500","2,100",A,8,"2,554",114,"12.8,41.3,42.2,3.7,0","51.8,43.9,3.5,0.8,0","1,880",締切,https://kabu.96ut.com/article/ipo/2019052/
2019,アミファ,野村,09/19(木),JQS,7800,620-660,660,860,860,B,6,996,75,"8.3,9.7,63.9,18.1,0","14.7,36,44,5.3,0",910,締切,https://kabu.96ut.com/article/ipo/2019051/
2019,サイバー・バズ,大和,09/19(木),東M,7069,"2,000-2,300","2,300","5,290","4,280",A,9,"5,288",83,"26.6,59.5,8.9,5,0","88,9.6,0,2.4,0","4,000",締切,https://kabu.96ut.com/article/ipo/2019053/
2019,ピー・ビーシステムズ,JTG,09/12(木),福Q,4447,"1,280-1,380","1,380","2,800","2,600",B,7,"2,822",87,"11.9,33.3,48.8,4.8,1.2","43.7,36.8,17.2,1.1,1.1","1,950",締切,https://kabu.96ut.com/article/ipo/2019049/
2019,ステムリム,日興,08/09(金),東M,4599,"1,000-1,700","1,000","1,350",900,D,2,"1,499",173,"4.2,1.8,4.2,12.7,77","1.7,1.2,0.6,15.6,80.9",930,締切,https://kabu.96ut.com/article/ipo/2019048/
2019,ツクルバ,大和,07/31(水),東M,2978,"1,900-2,050","2,050","2,400","2,100",C,5,"2,591",126,"3.4,10.3,55.6,23.9,6.8","2.4,8.7,45.2,42.1,1.6","2,050",締切,https://kabu.96ut.com/article/ipo/2019047/
2019,ブシロード,日興,07/29(月),東M,7803,"1,840-1,890","1,890","2,246","2,246",B,7,"2,491",126,"4.1,9.8,69.7,16.4,0","7.9,10.3,57.1,23.8,0.8","2,204",締切,https://kabu.96ut.com/article/ipo/2019046/
2019,ビーアンドピー,いちよし,07/24(水),東M,7804,"1,900-2,000","2,000","2,800","2,500",B,7,"3,046",99,"2.2,19.4,66.7,10.8,0.9","9.1,51.5,35.4,3,1","2,400",締切,https://kabu.96ut.com/article/ipo/2019045/
2019,Ｌｉｎｋ－Ｕ,日興,07/18(木),東M,4446,"2,580-2,820","2,820","6,486","6,490",A,9,"6,390",110,"15.9,72,10.3,1.8,0","84.5,14.5,0.9,0,0","5,760",締切,https://kabu.96ut.com/article/ipo/2019044/
2019,フィードフォース,大和,07/05(金),東M,7068,"1,030-1,150","1,150","4,000","4,000",A,9,"4,066",93,"27.6,58.6,11.5,1.1,1.1","94.6,2.2,2.2,0,1","2,760",締切,https://kabu.96ut.com/article/ipo/2019043/
2019,リビン・テクノロジーズ,みずほ,06/28(金),東M,4445,"3,700-3,900","3,900","12,480","8,970",A,9,"13,751",109,"64.2,28.3,4.7,1.9,0.9","95.4,1.8,0.9,0,1.8","9,000",締切,https://kabu.96ut.com/article/ipo/2019041/
2019,新日本製薬,みずほ,06/27(木),東M,4931,"1,350-1,470","1,470","2,200","1,800",B,6,"2,273",142,"4.3,31.2,52.2,12.3,0","17.6,30.3,33.1,19,0","1,664",締切,https://kabu.96ut.com/article/ipo/2019039/
2019,あさくま,三菱,06/27(木),JQS,7678,"1,150-1,250","1,250","1,930","1,930",B,7,"2,139",99,"6.3,33.3,55.2,5.2,0","30.3,52.5,17.2,0,0","1,834",締切,https://kabu.96ut.com/article/ipo/2019042/
2019,ヤシマキザイ,野村,06/26(水),東2,7677,"1,200-1,280","1,280","1,480","1,480",C,5,"1,517",73,"2.8,1.4,42.3,50.7,2.8","2.7,2.7,27.4,67.1,0","1,450",締切,https://kabu.96ut.com/article/ipo/2019040/
2019,インフォネット,SBI,06/25(火),東M,4444,"1,350-1,490","1,490","4,400","4,700",A,9,"4,945",109,"33.3,59,5.7,1,1","98.2,0,0,0.9,0.9","3,430",締切,https://kabu.96ut.com/article/ipo/2019038/
2019,ブランディングテクノロジー,SBI,06/21(金),東M,7067,"1,600-1,740","1,740","5,000","5,700",A,8,"4,928",95,"34.8,50,12,2.2,1","93.7,2.1,0,3.2,1","4,825",締切,https://kabu.96ut.com/article/ipo/2019037/
2019,ピアズ,日興,06/20(木),東M,7066,"3,220-3,620","3,620","4,350","4,750",B,7,"4,854",89,"3.5,26.7,61.6,8.1,0","2.2,4.5,50.6,42.7,0","5,500",締切,https://kabu.96ut.com/article/ipo/2019035/
2019,Sansan,野村,06/19(水),東M,4443,"4,000-4,500","4,500","4,300","4,300",C,4,"4,321",138,"6.1,6.1,9.1,34.8,43.9","4.3,2.2,11.6,78.3,3.6","4,760",締切,https://kabu.96ut.com/article/ipo/2019036/
2019,日本グランデ,藍澤,06/19(水),札ア,2976,720-750,750,800,800,C,5,820,86,"2.4,2.4,23.2,58.5,13.4","3.5,3.5,22.1,68.6,2.3",752,締切,https://kabu.96ut.com/article/ipo/2019034/
2019,ユーピーアール,野村,06/12(水),東2,7065,"3,130-3,300","3,300","3,800","3,800",B,6,"3,838",83,"5.1,7.6,62,22.8,2.5","2.4,4.8,47,45.8,0","4,000",締切,https://kabu.96ut.com/article/ipo/2019033/
2019,大英産業,JTG,06/04(火),福証,2974,"1,420-1,520","1,520","1,480","1,400",D,3,"1,443",97,"3.2,2.2,6.5,40.9,47.2","3.1,0,7.1,76.5,13.3","1,330",締切,https://kabu.96ut.com/article/ipo/2019032/
2019,バルテス,SBI,05/30(木),東M,4442,600-660,660,"1,780","1,780",A,9,"1,880",128,"22.6,52.4,21.8,1.6,1.6","89.8,7,1.6,0.8,0.8","1,820",締切,https://kabu.96ut.com/article/ipo/2019031/
2019,グッドスピード,東海東京,04/25(木),東M,7676,"1,210-1,400","1,400","2,000","2,000",B,6,"2,225",82,"5.2,23.4,57.1,10.4,3.9","25.6,56.1,13.4,4.9,0","1,750",締切,https://kabu.96ut.com/article/ipo/2019030/
2019,トビラシステムズ,大和,04/25(木),東M,4441,"2,100-2,400","2,400","3,500","4,500",A,8,"4,234",103,"11.1,59.6,23.2,4,2","47.6,37.9,10.7,1.9,1.9","5,420",締切,https://kabu.96ut.com/article/ipo/2019029/
2019,ハウテレビジョン,みずほ,04/24(水),東M,7064,"1,060-1,210","1,210","2,800","3,400",A,8,"3,066",87,"11,58.5,26.8,2.4,1.2","82.8,14.9,1.1,1.1,0","3,745",締切,https://kabu.96ut.com/article/ipo/2019028/
2019,ヴィッツ,東海東京,04/08(月),東M,4440,"2,260-2,650","2,650","6,095","6,500",A,9,"7,413",96,"33,58.2,4.4,2.2,2.2","91.7,6.3,0,1,1","6,100",締切,https://kabu.96ut.com/article/ipo/2019027/
2019,東名,東海東京,04/03(水),東M,4439,"3,130-3,290","3,290","5,100","5,500",B,7,"5,474",83,"12.3,37,48.1,1.2,1.2","16.9,45.8,32.5,4.8,0","4,205",締切,https://kabu.96ut.com/article/ipo/2019026/
2019,エードット,みずほ,03/29(金),東M,7063,"1,010-1,110","1,110","2,300","2,500",A,9,"2,541",79,"13,49.4,31.2,5.2,1.2","78.5,15.2,2.5,2.5,1.3","2,453",締切,https://kabu.96ut.com/article/ipo/2019024/
2019,Welby,日興,03/29(金),東M,4438,"4,750-5,200","5,200","11,000","18,000",A,9,"13,726",85,"46.3,41.3,5,7.4,0","94.1,3.5,0,2.4,0","18,030",締切,https://kabu.96ut.com/article/ipo/2019025/
2019,ＮＡＴＴＹ ＳＷＡＮＫＹ,日興,03/28(木),東M,7674,"3,140-3,270","3,270","4,400","4,500",B,7,"4,691",81,"8.9,25.3,51.9,12.7,1.2","8.6,24.7,44.4,22.2,0","3,930",締切,https://kabu.96ut.com/article/ipo/2019023/
2019,フレアス,日興,03/28(木),東M,7062,"1,650-1,850","1,850","2,350","3,000",B,7,"2,617",84,"4.9,18.5,63,13.6,0","22.6,39.3,28.6,9.5,0","4,045",締切,https://kabu.96ut.com/article/ipo/2019022/
2019,日本ホスピスホールディングス,野村,03/28(木),東M,7061,"840-1,000","1,000","1,150","1,150",C,5,"1,100",89,"2.4,7.3,28,43.9,18.3","3.4,29.2,48.3,18,1.1","1,466",締切,https://kabu.96ut.com/article/ipo/2019021/
2019,gooddaysホールディングス,日興,03/25(月),東M,4437,"2,000-2,280","2,280","4,600","4,500",A,8,"4,486",78,"6.6,59.2,27.6,6.6,0","42.3,48.7,6.4,2.6,0","5,200",締切,https://kabu.96ut.com/article/ipo/2019020/
2019,ギークス,日興,03/20(水),東M,7060,"1,800-1,930","1,930","3,000","3,200",B,7,"3,130",74,"5.9,32.4,54.4,7.3,0","12.2,58.1,23,6.7,0","2,900",締切,https://kabu.96ut.com/article/ipo/2019019/
2019,ＫＨＣ,野村,03/19(火),東2,1451,800-850,850,850,850,D,3,865,74,"2.9,2.9,15.7,31.4,47.1","1.4,0,6.8,91.8,0",832,締切,https://kabu.96ut.com/article/ipo/2019016/
2019,コプロ・ホールディングス,大和,03/19(火),東M,7059,"2,050-2,090","2,090","2,400","2,600",B,6,"2,550",95,"8.7,16.3,37,28.3,9.7","5.3,6.3,28.4,56.8,3.2","2,395",締切,https://kabu.96ut.com/article/ipo/2019017/
2019,ミンカブ・ジ・インフォノイド,SBI,03/19(火),東M,4436,"950-1,050","1,050","1,575","1,600",A,8,"2,074",141,"16.4,44,29.9,6.7,3","48.9,35.5,11.3,2.1,2.1","1,400",締切,https://kabu.96ut.com/article/ipo/2019018/
2019,共栄セキュリティーサービス,みずほ,03/18(月),JQS,7058,"2,040-2,100","2,100","2,800","3,000",B,7,"2,913",74,"1.4,19.7,63.4,14.1,1.4","0,25.7,58.1,14.9,1.3","2,866",締切,https://kabu.96ut.com/article/ipo/2019014/
2019,カオナビ,大和,03/15(金),東M,4435,"1,780-1,980","1,980","3,300","4,500",A,8,"3,591",86,"4.8,56.6,31.3,4.8,2.4","39.5,50,5.8,4.7,0","3,970",締切,https://kabu.96ut.com/article/ipo/2019015/
2019,エヌ・シー・エヌ,野村,03/14(木),JQS,7057,700-800,800,"1,000","1,100",B,6,"1,113",77,"2.7,11,64.4,19.2,2.7","14.3,37.7,40.3,7.7,0","1,214",締切,https://kabu.96ut.com/article/ipo/2019011/
2019,サーバーワークス,大和,03/13(水),東M,4434,"4,320-4,780","4,780","12,000","12,000",A,9,"11,962",91,"62.1,32.2,3.4,2.3,0","85.7,13.2,1.1,0,0","18,000",締切,https://kabu.96ut.com/article/ipo/2019012/
2019,ウイングアーク１ｓｔ,野村,03/13(水),東未,4432,"1,690-1,970",未,"1,830",-,D,2,"1,824",67,"4.7,1.6,3.1,20.3,70.3","1.5,1.5,0,85.1,11.9",-,締切,https://kabu.96ut.com/article/ipo/2019009/
2019,サンケイリアルエステート投資法人,大和,03/12(火),東R,2972,98k-100k,"100,000","96,000","96,500",D,3,"95,259",67,"3.1,0,1.6,6.3,89","3,1.5,0,94,1.5","97,000",締切,https://kabu.96ut.com/article/ipo/2019013/
2019,ダイコー通産,野村,03/12(火),東2,7673,"1,510-1,540","1,540","1,550","1,800",C,4,"1,673",75,"1.4,1.4,19.4,62.5,15.3","1.3,6.7,6.7,85.3,0","1,732",締切,https://kabu.96ut.com/article/ipo/2019010/
2019,日本国土開発,三菱,03/05(火),東1,1887,490-510,510,550,600,C,5,566,103,"2,7.1,28.6,49,13.3","1,1.9,20.2,75,1.9",624,締切,https://kabu.96ut.com/article/ipo/2019008/
2019,スマレジ,大和,02/28(木),東M,4431,"1,200-1,370","1,370","2,370","2,500",A,8,"2,554",93,"5.7,48.9,44.3,1.1,0","30.1,51.6,15.1,3.2,0","3,225",締切,https://kabu.96ut.com/article/ipo/2019007/
2019,フロンティアインターナショナル,日興,02/28(木),東M,7050,"2,290-2,410","2,410","3,250","3,300",B,7,"3,366",85,"5,28.8,56.3,8.8,1.1","4.7,30.6,55.3,9.4,0","2,715",締切,https://kabu.96ut.com/article/ipo/2019006/
2019,東海ソフト,野村,02/27(水),東2,4430,"1,410-1,500","1,500","1,630","2,100",C,5,"2,038",88,"3.6,11.9,61.9,21.4,1.2","15.9,27.3,37.5,18.2,1.1","2,872",締切,https://kabu.96ut.com/article/ipo/2019005/
2019,リックソフト,大和,02/26(火),東M,4429,"3,840-4,000","4,000","9,200","9,350",A,9,"10,357",100,"55.8,38.9,3.2,1.1,1","91,5,3,1,0","9,050",締切,https://kabu.96ut.com/article/ipo/2019004/
2019,識学,日興,02/22(金),東M,7049,"1,640-1,800","1,800","4,500","5,400",A,9,"4,230",110,"22.6,64.2,9.4,2.8,0.9","81.8,12.7,0.9,3.6,0.9","4,550",締切,https://kabu.96ut.com/article/ipo/2019003/
2019,エネクス・インフラ投資法人,日興,02/13(水),東イ,9286,92k-92k,"92,000","90,600","88,300",D,3,"89,391",87,"5.8,0,0,5.8,88.4","4.6,0,0,89.7,5.7","88,300",締切,https://kabu.96ut.com/article/ipo/2019002/
2019,エスコンジャパンリート投資法人,三菱,02/13(水),東R,2971,100k-105k,"101,000","95,000","97,200",D,2,"93,085",101,"8,0,1,6,85","7.9,0,0,83.2,8.9","97,200",締切,https://kabu.96ut.com/article/ipo/2019001/
2020,オンデック,野村,12/29(火),東M,7360,"1,400-1,550","1,550","3,600","5,000",A,8,"4,378",60,"20.7,56.9,19,3.4,0","93.3,3.3,3.3,0,0","4,500",締切,https://kabu.96ut.com/article/ipo/2020113/
2020,クリングルファーマ,野村,12/28(月),東M,4884,"950-1,000","1,000","1,100","1,580",C,5,"1,103",59,"1.8,0,12.3,50.9,35","1.7,10.2,16.9,69.5,1.7","1,480",締切,https://kabu.96ut.com/article/ipo/2020112/
2020,ファンペップ,SBI,12/25(金),東M,4881,650-730,650,730,598,C,4,738,76,"1.3,2.6,6.6,25,64.5","3.9,2.6,2.6,55.3,35.5",715,締切,https://kabu.96ut.com/article/ipo/2020111/
2020,東和ハイシステム,野村,12/25(金),JQS,4172,"2,180-2,300","2,300","3,200","4,500",B,7,"3,601",56,"5.4,17.9,60.7,12.5,3.5","17.9,44.6,26.8,10.7,0","5,300",締切,https://kabu.96ut.com/article/ipo/2020110/
2020,ＳＡＮＥＩ,大和,12/25(金),東2,6230,"2,050-2,200","2,200","2,400","2,500",C,5,"2,344",65,"3.1,3.1,27.7,49.2,16.9","0,3.1,24.6,72.3,0","3,525",締切,https://kabu.96ut.com/article/ipo/2020109/
2020,グローバルインフォメーション,JTG,12/24(木),JQS,4171,"1,110-1,210","1,210","2,200","2,420",B,7,"2,952",67,"7.6,43.9,39.4,6.1,3","74.6,22.4,1.5,1.5,0","2,580",締切,https://kabu.96ut.com/article/ipo/2020106/
2020,東京通信,野村,12/24(木),東M,7359,"1,200-1,250","1,250","2,600","2,800",B,7,"2,901",62,"1.7,43.3,41.7,8.3,5","65.1,22.2,4.8,6.3,1.6","2,484",締切,https://kabu.96ut.com/article/ipo/2020107/
2020,交換できるくん,SBI,12/23(水),東M,7695,"1,890-2,050","2,050","3,300","4,000",B,7,"4,001",65,"9.7,33.9,46.8,9.6,0","47.7,38.5,7.7,6.1,0","4,615",締切,https://kabu.96ut.com/article/ipo/2020108/
2020,ENECHANGE,みずほ,12/23(水),東M,4169,520-600,600,"1,380","1,600",B,7,"1,754",52,"5.8,36.5,46.2,5.8,5.7","88.5,3.8,1.9,5.8,0","2,400",締切,https://kabu.96ut.com/article/ipo/2020103/
2020,ウェルスナビ,SBI,12/22(火),東M,7342,"1,100-1,150","1,150","1,300","1,750",C,5,"1,417",113,"4.4,8.8,31,33.6,22.1","11.3,12.2,22.6,43.5,10.4","1,725",締切,https://kabu.96ut.com/article/ipo/2020105/
2020,Kaizen Platform,SBI,12/22(火),東M,4170,"1,100-1,150","1,150","1,280","1,400",C,5,"1,373",79,"2.6,12.8,24.4,46.2,14","8.8,6.3,30,52.5,2.4","1,170",締切,https://kabu.96ut.com/article/ipo/2020104/
2020,ヤプリ,みずほ,12/22(火),東M,4168,"2,960-3,160","3,160","3,580","4,000",B,6,"4,021",66,"4.6,23.1,40,26.2,6.1","6.1,15.2,43.9,34.8,0","5,240",締切,https://kabu.96ut.com/article/ipo/2020097/
2020,いつも,みずほ,12/21(月),東M,7694,"1,440-1,540","1,540","3,600","3,600",A,9,"4,204",68,"11.9,55.2,25.4,4.5,3","91.2,2.9,0,5.9,0","3,610",締切,https://kabu.96ut.com/article/ipo/2020101/
2020,ポピンズホールディングス,大和,12/21(月),東1,7358,"2,650-2,850","2,850","3,000","3,000",C,5,"3,037",85,"2.4,7.1,27.4,41.7,21.4","1.2,2.4,9.4,83.5,3.5","2,679",締切,https://kabu.96ut.com/article/ipo/2020100/
2020,ココペリ,大和,12/18(金),東M,4167,"1,400-1,600","1,600","3,300","3,700",A,8,"3,743",83,"16.3,45,33.8,4.9,0","83.1,10.8,4.8,1.2,0","3,610",締切,https://kabu.96ut.com/article/ipo/2020098/
2020,インバウンドテック,東海東京,12/18(金),東M,7031,"5,200-5,700","5,700","8,550","9,120",B,7,"8,890",63,"9.5,28.6,46,11.1,4.8","12.7,27,34.9,25.4,0","7,300",締切,https://kabu.96ut.com/article/ipo/2020102/
2020,オーケーエム,三菱,12/17(木),東2,6229,"1,090-1,220","1,220","1,250","1,400",C,4,"1,232",57,"1.8,1.8,12.3,57.9,26.2","0,1.8,19.3,77.2,1.7","1,300",締切,https://kabu.96ut.com/article/ipo/2020096/
2020,リベルタ,野村,12/17(木),JQS,4935,"1,120-1,200","1,200","1,800","2,000",B,6,"1,816",55,"3.8,9.4,64.2,20.8,1.8","16.4,40,21.8,21.8,0","2,120",締切,https://kabu.96ut.com/article/ipo/2020095/
2020,プレイド,みずほ,12/17(木),東M,4165,"1,400-1,600","1,600","1,700","2,100",C,5,"1,977",79,"6.4,11.5,43.6,32.1,6.4","11.4,19,44.3,22.8,2.5","3,190",締切,https://kabu.96ut.com/article/ipo/2020094/
2020,ビートレンド,みずほ,12/17(木),東M,4020,"2,680-2,800","2,800","8,500","10,500",A,9,"8,847",61,"32.8,49.2,14.8,3.2,0","88.5,1.6,6.6,3.3,0","10,010",締切,https://kabu.96ut.com/article/ipo/2020093/
2020,かっこ,SBI,12/17(木),東M,4166,"1,860-2,020","2,020","8,800","8,800",S,10,"11,425",108,"70.4,22.2,2.8,1.9,2.7","94.4,1.9,0,3.7,0","7,890",締切,https://kabu.96ut.com/article/ipo/2020099/
2020,Fast Fitness Japan,野村,12/16(水),東M,7092,"2,000-2,250","2,250","2,080","2,480",C,4,"2,264",77,"2.6,6.6,17.1,30.3,43.4","1.3,15.6,24.7,54.5,3.9","3,000",締切,https://kabu.96ut.com/article/ipo/2020092/
2020,バルミューダ,みずほ,12/16(水),東M,6612,"1,780-1,930","1,930","2,400","2,850",B,6,"2,842",82,"4.9,28.4,48.1,14.8,3.7","12.2,34.1,37.8,14.6,1.2","3,150",締切,https://kabu.96ut.com/article/ipo/2020089/
2020,ローランド,日興,12/16(水),東1,7944,"2,810-3,710","3,100","2,810","2,980",D,2,"2,967",84,"1.2,3.7,7.3,24.4,63.4","2.4,1.2,0,82.1,14.3","2,954",締切,https://kabu.96ut.com/article/ipo/2020091/
2020,スタメン,大和,12/15(火),東M,4019,800-880,880,"2,050","2,050",A,8,"2,441",99,"18.4,49,26.5,4.1,2","86.9,9.1,0,3,1","2,051",締切,https://kabu.96ut.com/article/ipo/2020090/
2020,ビーイングホールディングス,野村,12/15(火),東2,9145,"910-1,000","1,000","1,250","1,300",B,6,"1,430",78,"1.3,9,66.7,19.2,3.8","9,37.2,43.6,9,1.2","1,479",締切,https://kabu.96ut.com/article/ipo/2020088/
2020,バリオセキュア,野村,11/30(月),東2,4494,"2,210-2,250","2,250","2,300","2,300",C,4,"2,269",94,"5.4,0,7.6,42.4,44.6","2.1,1.1,9.6,83,4.2","2,150",締切,https://kabu.96ut.com/article/ipo/2020087/
2020,クリーマ,SBI,11/27(金),東M,4017,"3,250-3,570","3,570","5,200","5,000",B,6,"5,114",124,"4.9,24.6,47.5,15.6,7.4","11.2,41.6,28,14.4,4.8","4,850",締切,https://kabu.96ut.com/article/ipo/2020086/
2020,ジオコード,いちよし,11/26(木),JQS,7357,"1,200-1,250","1,250","4,000","4,500",A,8,"4,465",73,"21.9,58.9,11,5.5,2.7","93.2,2.7,0,2.7,1.4","3,025",締切,https://kabu.96ut.com/article/ipo/2020085/
2020,ＭＩＴホールディングス,SBI,11/25(水),JQS,4016,630-690,690,"3,000","4,500",A,9,"3,881",106,"23.1,53.8,15.4,2.9,4.8","92.5,0.9,0.9,3.8,1.9","3,590",締切,https://kabu.96ut.com/article/ipo/2020084/
2020,アララ,日興,11/19(木),東M,4015,"1,330-1,400","1,400","5,500","4,500",A,9,"5,452",92,"20.2,62.9,12.4,2.2,2.2","92.4,4.3,1.1,1.1,1.1","3,080",締切,https://kabu.96ut.com/article/ipo/2020083/
2020,Retty,大和,10/30(金),東M,7356,"1,150-1,180","1,180","1,800","1,800",B,6,"2,128",140,"6.6,24.3,50,10.3,8.8","27.1,37.9,17.9,13.6,3.5","1,611",締切,https://kabu.96ut.com/article/ipo/2020082/
2020,さくらさくプラス,日興,10/28(水),東M,7097,"2,230-2,330","2,330","3,000","3,800",B,6,"4,112",89,"7,23.3,59.3,9.3,1.1","33.7,33.7,20.2,12.4,0","3,435",締切,https://kabu.96ut.com/article/ipo/2020081/
2020,プレミアアンチエイジング,野村,10/28(水),東M,4934,"3,700-4,140","4,140","5,150","5,500",B,6,"6,029",83,"2.4,35.4,56.1,4.9,1.2","26.5,49.4,20.5,3.6,0","5,670",締切,https://kabu.96ut.com/article/ipo/2020080/
2020,カラダノート,みずほ,10/27(火),東M,4014,430-450,450,"1,800","2,200",A,9,"2,703",100,"29.6,52,13.3,2,3.1","92,4,1,1,2","1,890",締切,https://kabu.96ut.com/article/ipo/2020079/
2020,アースインフィニティ,みずほ,10/16(金),JQS,7692,"1,820-1,970","1,970","4,600","7,880",A,8,"6,290",79,"19.2,66.7,9,3.8,1.3","87.3,5.1,1.3,5.1,1.2","10,410",締切,https://kabu.96ut.com/article/ipo/2020078/
2020,日通システム,野村,10/13(火),東M,4013,"2,880-3,000","3,000","3,600","4,500",B,6,"3,910",95,"3.2,18.1,55.3,19.1,4.3","8.4,18.9,42.1,29.5,1.1","5,500",締切,https://kabu.96ut.com/article/ipo/2020077/
2020,キオクシアホールディングス,三菱/野村,10/06(火),東1,6600,"2,800-3,500",未,"3,000",-,D,3,"3,243",86,"4.7,0,7.1,28.2,60","3.5,0,2.3,40.7,53.5",-,締切,https://kabu.96ut.com/article/ipo/2020073/
2020,ダイレクトマーケティングミックス,みずほ/日興,10/05(月),東1,7354,"2,400-2,980","2,700","3,000","2,538",C,5,"3,062",102,"6,3,16,56,19","3.9,3.9,4.9,83.3,3.9","2,600",締切,https://kabu.96ut.com/article/ipo/2020076/
2020,タスキ,SBI,10/02(金),東M,2987,610-670,670,"2,500","2,800",A,9,"2,827",82,"22.5,52.5,17.5,7.5,0","95.1,1.2,1.2,2.4,0","5,060",締切,https://kabu.96ut.com/article/ipo/2020074/
2020,アクシス,日興,09/30(水),東M,4012,"1,020-1,070","1,070","3,300","4,815",A,9,"3,854",76,"14.5,50,27.6,5.3,2.6","88.2,3.9,2.6,5.3,0","5,700",締切,https://kabu.96ut.com/article/ipo/2020075/
2020,ヘッドウォータース,みずほ,09/29(火),東M,4011,"2,240-2,400","2,400","22,000","23,000",S,10,"20,181",86,"76.5,18.8,3.5,1.2,0","95.3,1.2,1.2,2.3,0","28,560",締切,https://kabu.96ut.com/article/ipo/2020072/
2020,rakumo,みずほ,09/28(月),東M,4060,"1,100-1,250","1,250","2,875","4,375",A,8,"3,372",90,"13.5,52.8,29.2,4.5,0","94.4,2.2,1.1,2.2,0","3,800",締切,https://kabu.96ut.com/article/ipo/2020071/
2020,Ｉ－ｎｅ,日興,09/25(金),東M,4933,"2,580-2,890","2,890","3,300","3,300",B,6,"3,520",89,"3.4,14.6,46.1,32.6,3.3","10.1,11.2,59.6,19.1,0","3,250",締切,https://kabu.96ut.com/article/ipo/2020069/
2020,ＳＴＩフードホールディングス,野村,09/25(金),東2,2932,"1,790-1,900","1,900","2,100","2,300",C,5,"2,186",61,"1.6,8.2,31.1,45.9,13.1","0,11.5,37.7,49.2,1.6","2,080",締切,https://kabu.96ut.com/article/ipo/2020068/
2020,まぐまぐ,SBI,09/24(木),JQS,4059,730-810,810,"1,900","2,500",A,8,"2,410",81,"9.9,45.7,37,7.4,0","88.9,9.9,1.2,0,0","3,400",締切,https://kabu.96ut.com/article/ipo/2020070/
2020,グラフィコ,SBI,09/24(木),JQS,4930,"3,850-4,090","4,090","6,500","7,200",A,8,"7,298",89,"15.3,44.7,27.1,9.4,3.5","40.4,32.6,12.4,14.6,0","9,560",締切,https://kabu.96ut.com/article/ipo/2020067/
2020,トヨクモ,いちよし,09/24(木),東M,4058,"1,800-2,000","2,000","5,680","8,500",A,9,"6,593",78,"25,50,22.4,2.6,0","96.2,2.6,1.2,0,0","9,020",締切,https://kabu.96ut.com/article/ipo/2020066/
2020,雪国まいたけ,日興/大和,09/17(木),東1,1375,"2,000-2,400","2,200","2,300","2,200",C,4,"2,124",131,"1.6,2.4,12.2,33.3,50.4","2.3,0,0.8,69.5,27.4","2,100",締切,https://kabu.96ut.com/article/ipo/2020065/
2020,インターファクトリー,日興,08/25(火),東M,4057,870-960,960,"2,900","4,500",A,9,"2,906",75,"18.1,58.3,22.2,1.4,0","97.3,2.7,0,0,0","5,080",締切,https://kabu.96ut.com/article/ipo/2020064/
2020,ニューラルポケット,みずほ,08/20(木),東M,4056,800-900,900,"3,000","4,356",A,9,"3,484",97,"21.3,54.3,22.3,2.1,0","59.8,27.8,8.2,4.1,0","5,100",締切,https://kabu.96ut.com/article/ipo/2020063/
2020,ティアンドエス,いちよし,08/07(金),東M,4055,"2,650-2,800","2,800","9,000","9,000",A,9,"8,930",81,"35.8,50.6,11.1,1.2,1.2","90.1,6.2,0,3.7,0","7,010",締切,https://kabu.96ut.com/article/ipo/2020062/
2020,モダリス,みずほ,08/03(月),東M,4883,"1,000-1,200","1,200","3,960","2,760",A,8,"4,409",113,"36.9,41.4,17.1,4.5,0","95.6,3.5,0,0,0.9","2,520",締切,https://kabu.96ut.com/article/ipo/2020059/
2020,日本情報クリエイト,野村,07/31(金),東M,4054,"1,200-1,300","1,300","2,900","3,000",A,8,"3,304",89,"6.8,48.9,39.8,4.5,0","87.6,7.9,4.5,0,0","2,210",締切,https://kabu.96ut.com/article/ipo/2020061/
2020,Sun Asterisk,大和,07/31(金),東M,4053,630-700,700,"2,400","2,200",A,9,"2,627",129,"18.9,50.4,26.8,3.9,0","93.8,4.7,0,0.8,0.7","1,209",締切,https://kabu.96ut.com/article/ipo/2020060/
2020,ＫＩＹＯラーニング,日興,07/15(水),東M,7353,"2,070-2,300","2,300","3,500","5,100",B,7,"5,068",92,"7.9,39.3,44.9,7.9,0","59.8,23.9,8.7,7.6,0","5,360",締切,https://kabu.96ut.com/article/ipo/2020058/
2020,GMOフィナンシャルゲート,大和,07/15(水),東M,4051,"2,420-2,540","2,540","4,000","5,850",B,7,"6,151",94,"16.7,44.4,35.6,3.3,0","67,18.1,11.7,3.2,0","6,550",締切,https://kabu.96ut.com/article/ipo/2020057/
2020,アイキューブドシステムズ,野村,07/15(水),東M,4495,"2,720-3,120","3,120","7,000","8,000",A,9,"10,859",78,"41.9,50,5.4,2.7,0","82.1,15.4,1.3,1.2,0","9,430",締切,https://kabu.96ut.com/article/ipo/2020056/
2020,Speee,野村,07/10(金),JQS,4499,"2,520-2,880","2,880","3,250","5,500",B,6,"4,342",81,"3.8,15,63.8,13.8,3.6","38.3,25.9,17.3,18.5,0","5,150",締切,https://kabu.96ut.com/article/ipo/2020055/
2020,Branding Engineer,SBI,07/07(火),東M,7352,450-490,490,"1,500","2,800",A,9,"2,744",106,"34.3,49.5,12.4,3.8,0","97.2,1.9,0.9,0,0","2,920",締切,https://kabu.96ut.com/article/ipo/2020054/
2020,グッドパッチ,大和,06/30(火),東M,7351,610-690,690,"1,400","3,000",A,9,"2,039",81,"17.5,57.5,22.5,2.5,0","93.8,3.7,1.2,1.2,0","2,757",締切,https://kabu.96ut.com/article/ipo/2020053/
2020,エブレン,野村,06/29(月),JQS,6599,"1,200-1,350","1,350","1,800","3,600",B,7,"1,970",70,"2.9,11.6,63.8,21.7,0","30,47.1,17.1,5.7,0","5,000",締切,https://kabu.96ut.com/article/ipo/2020051/
2020,コマースOneホールディングス,大和,06/26(金),東M,4496,"1,400-1,600","1,600","2,800","4,500",A,8,"3,184",88,"12.9,54.1,27.1,4.7,1.2","83,12.5,3.4,1.1,0","6,970",締切,https://kabu.96ut.com/article/ipo/2020050/
2020,コパ・コーポレーション,野村,06/24(水),東M,7689,"1,850-2,000","2,000","2,500","2,800",B,7,"2,929",88,"7.1,20.2,59.5,10.7,2.4","33,42,14.8,10.2,0","4,530",締切,https://kabu.96ut.com/article/ipo/2020052/
2020,ロコガイド,みずほ,06/24(水),東M,4497,"1,800-2,000","2,000","2,500","2,500",B,6,"2,650",94,"6.5,16.3,53.3,19.6,4.3","5.3,30.9,52.1,11.7,0","4,605",締切,https://kabu.96ut.com/article/ipo/2020049/
2020,フィーチャ,日興,06/24(水),東M,4052,470-520,520,"1,664","1,700",A,9,"1,867",94,"29,49.5,19.4,2.1,0","93.6,4.3,1.1,1,0","4,710",締切,https://kabu.96ut.com/article/ipo/2020048/
2020,GMOフィナンシャルゲート,大和,04/30(木),東M,4051,,未,未,-,,,"2,563",11,"9.1,0,54.5,18.2,18.2","0,0,27.3,54.5,18.2",-,締切,https://kabu.96ut.com/article/ipo/2020047/
2020,ヤマイチエステート,大和,04/28(火),東2,2984,,未,未,-,,,963,7,"0,0,14.3,42.9,42.8","0,14.3,0,57.1,28.6",-,締切,https://kabu.96ut.com/article/ipo/2020046/
2020,さくらさくプラス,日興,04/24(金),東M,7097,"1,150-1,430",未,"1,300",-,C,4,"1,578",66,"0,1.5,22.7,28.8,47","0,1.5,4.5,28.8,65.2",-,締切,https://kabu.96ut.com/article/ipo/2020042/
2020,ＳＡＮＥＩ,大和,04/24(金),東2,6230,,未,未,-,,,"2,163",6,"0,0,33.3,50,16.7","0,0,16.7,66.7,16.6",-,締切,https://kabu.96ut.com/article/ipo/2020044/
2020,スマート・ソリューション・テクノロジー,みずほ,04/23(木),東M,6598,,未,未,-,,,"1,225",7,"14.3,0,28.6,57.1,0","14.3,0,42.9,42.8,0",-,締切,https://kabu.96ut.com/article/ipo/2020045/
2020,アールプランナー,野村,04/22(水),東M,2983,,未,未,-,,,"1,884",6,"0,0,50,16.7,33.3","0,16.7,16.7,33.3,33.3",-,締切,https://kabu.96ut.com/article/ipo/2020043/
2020,Speee,野村,04/20(月),東M,4499,,未,未,-,,,"2,317",12,"0,0,25,33.3,41.7","0,0,8.3,41.7,50",-,締切,https://kabu.96ut.com/article/ipo/2020041/
2020,サイバートラスト,みずほ,04/17(金),東M,4498,,未,未,-,,,"1,634",9,"11.1,11.1,66.7,11.1,0","22.2,11.1,22.2,44.4,0",-,締切,https://kabu.96ut.com/article/ipo/2020040/
2020,ステムセル研究所,野村,04/09(木),東M,7096,,未,未,-,,,"4,400",9,"0,44.4,33.3,11.1,11.1","33.3,22.2,11.1,22.2,11.1",-,締切,https://kabu.96ut.com/article/ipo/2020039/
2020,ロコガイド,みずほ,04/09(木),東M,4497,,未,未,-,,,"2,529",10,"0,0,40,40,20","0,10,0,50,40",-,締切,https://kabu.96ut.com/article/ipo/2020037/
2020,コマースOneホールディングス,大和,04/09(木),東M,4496,"1,180-1,350",未,"1,500",-,C,5,"1,646",67,"3,9.1,18.2,40.9,28.8","6,6,3,41.8,43.2",-,締切,https://kabu.96ut.com/article/ipo/2020036/
2020,アルマード,野村,04/08(水),東M,4932,,未,未,-,,,"1,616",15,"0,0,46.7,26.7,26.6","0,0,13.3,73.3,13.3",-,締切,https://kabu.96ut.com/article/ipo/2020038/
2020,アイキューブドシステムズ,野村,04/07(火),東M,4495,,未,未,-,,,"4,550",12,"9.1,36.4,54.5,0,0","16.7,25,33.3,25,0",-,締切,https://kabu.96ut.com/article/ipo/2020035/
2020,松屋アールアンドディ,野村,04/06(月),東M,7317,910-960,910,900,790,D,3,874,69,"0,2.9,4.4,22.1,70.6","2.9,1.4,1.4,73.9,20.3",838,締切,https://kabu.96ut.com/article/ipo/2020034/
2020,コパ・コーポレーション,野村,04/02(木),東M,7689,"2,350-2,600",未,"2,800",-,C,5,"2,658",56,"1.8,1.8,20,34.5,41.8","1.8,1.8,3.6,83.9,8.9",-,締切,https://kabu.96ut.com/article/ipo/2020033/
2020,ＭａｃｂｅｅＰｌａｎｅｔ,SBI,03/31(火),東M,7095,"1,830-1,990","1,830","3,500","1,750",A,8,"2,354",151,"6.1,22.4,22.4,27.2,21.8","9.3,19.9,10.6,58.9,1.3","2,348",締切,https://kabu.96ut.com/article/ipo/2020030/
2020,ニッソウ,岡三,03/30(月),名セ,1444,"3,400-3,750","3,750","4,000","3,450",C,5,"3,861",73,"4.1,4.1,17.8,46.6,27.4","1.4,1.4,6.8,87.8,2.6","2,800",締切,https://kabu.96ut.com/article/ipo/2020032/
2020,NexTone,日興,03/30(月),東M,7094,"1,500-1,700","1,700","2,020","1,564",B,6,"1,917",79,"3.8,6.3,24.1,41.8,24","2.5,5.1,6.3,65.8,20.3","1,660",締切,https://kabu.96ut.com/article/ipo/2020031/
2020,バリオセキュア,野村,03/30(月),東2,4494,"1,600-1,700",未,"1,500",-,D,2,"1,496",60,"1.7,0,3.3,18.3,76.7","0,0,0,13.3,86.7",-,締切,https://kabu.96ut.com/article/ipo/2020029/
2020,アディッシュ,SBI,03/26(木),東M,7093,"1,110-1,230","1,230","2,460","1,845",A,8,"2,534",108,"13.1,39.3,32.7,12.1,2.8","56.5,18.5,13.9,11.1,0","2,101",締切,https://kabu.96ut.com/article/ipo/2020025/
2020,サイバーセキュリティクラウド,SBI,03/26(木),東M,4493,"4,240-4,500","4,500","15,000","7,000",S,10,"13,938",140,"61.6,16.7,10.9,8.7,2.1","72.1,17.1,7.1,3.6,0","9,210",締切,https://kabu.96ut.com/article/ipo/2020027/
2020,ウイングアーク１ｓｔ,野村,03/26(木),東未,4432,,未,未,-,,,"1,540",29,"0,6.9,13.8,27.6,51.7","0,0,6.9,58.6,34.5",-,締切,https://kabu.96ut.com/article/ipo/2020028/
2020,ヴィス,大和,03/25(水),東M,5071,820-900,820,"1,000",670,C,5,981,89,"2.2,4.5,19.1,39.3,34.8","6.7,9,20.2,59.6,4.5",754,締切,https://kabu.96ut.com/article/ipo/2020026/
2020,リバーホールディングス,野村,03/24(火),東2,5690,920-960,960,960,888,D,3,903,77,"0,0,10.4,31.2,58.4","1.3,1.3,5.2,85.7,6.5",720,締切,https://kabu.96ut.com/article/ipo/2020024/
2020,ペルセウスプロテオミクス,みずほ,03/24(火),東M,4882,540-600,未,550,-,D,2,579,59,"0,0,6.8,20.3,72.9","3.4,0,1.7,8.5,86.4",-,締切,https://kabu.96ut.com/article/ipo/2020023/
2020,関通,みずほ,03/19(木),東M,9326,470-490,490,"1,050",590,A,8,"1,100",75,"5.3,42.7,40,10.7,1.3","62.7,21.3,10.7,5.3,0","1,032",締切,https://kabu.96ut.com/article/ipo/2020022/
2020,日本インシュレーション,大和,03/19(木),東2,5368,920-940,940,950,830,C,4,"1,002",78,"1.3,3.8,19.2,42.3,33.3","2.6,7.7,7.7,78.2,3.8",869,締切,https://kabu.96ut.com/article/ipo/2020021/
2020,ゼネテック,みずほ,03/19(木),JQS,4492,"1,600-1,700","1,700","2,300","1,564",B,7,"2,490",73,"2.8,25.4,52.1,15.5,4.2","12.3,28.8,37,21.9,0","1,620",締切,https://kabu.96ut.com/article/ipo/2020020/
2020,Fast Fitness Japan,野村,03/18(水),東M,7092,"2,560-2,960","2,960","3,500",-,B,6,"2,877",85,"2.4,1.2,25.9,40,30.5","1.2,3.5,41.2,48.2,5.9",-,締切,https://kabu.96ut.com/article/ipo/2020018/
2020,リビングプラットフォーム,野村,03/17(火),東M,7091,"3,530-3,900","3,900","4,500","3,590",B,6,"4,369",54,"1.9,7.4,48.1,31.5,11.1","1.9,13,48.1,37,0","3,550",締切,https://kabu.96ut.com/article/ipo/2020016/
2020,ミアヘルサ,みずほ,03/17(火),JQS,7688,"2,030-2,330","2,330","2,530","2,143",C,5,"2,429",59,"1.7,0,23.7,55.9,18.6","0,0,10.2,88.1,1.7","1,748",締切,https://kabu.96ut.com/article/ipo/2020017/
2020,ドラフト,日興,03/17(火),東M,5070,"1,520-1,580","1,580","1,600","1,453",C,5,"1,724",72,"1.4,4.2,25,45.8,23.6","0,9.7,16.7,72.2,1.4","1,221",締切,https://kabu.96ut.com/article/ipo/2020019/
2020,ミクリード,みずほ,03/16(月),東M,7687,790-890,890,"1,200",890,B,6,"1,293",71,"5.6,8.5,43.7,35.2,7","15.5,19.7,28.2,36.6,0",818,締切,https://kabu.96ut.com/article/ipo/2020014/
2020,リグア,日興,03/13(金),東M,7090,"1,850-1,950","1,950","2,925","2,400",B,7,"2,850",73,"1.4,18.1,63.9,12.5,4.1","8.2,49.3,23.3,19.2,0","1,910",締切,https://kabu.96ut.com/article/ipo/2020015/
2020,木村工機,みずほ,03/13(金),東2,6231,"2,300-2,400","2,400","3,000","2,400",B,6,"2,930",72,"1.4,12.5,45.8,33.3,6.9","1.4,11.1,38.9,48.6,0","2,050",締切,https://kabu.96ut.com/article/ipo/2020012/
2020,フォースタートアップス,野村,03/13(金),東M,7089,"1,700-1,770","1,770","2,800","2,000",B,6,"2,521",69,"2.9,11.8,50,27.9,7.4","14.5,43.5,26.1,14.5,1.4","1,628",締切,https://kabu.96ut.com/article/ipo/2020013/
2020,コンピューターマネージメント,日興,03/11(水),JQS,4491,"2,630-2,750","2,750","6,500","3,600",A,8,"5,912",85,"18.1,55.4,18.1,6,2.4","64.7,21.2,5.9,8.2,0","4,360",締切,https://kabu.96ut.com/article/ipo/2020010/
2020,ビザスク,みずほ,03/10(火),東M,4490,"1,300-1,500","1,500","1,800","1,387",C,5,"1,843",86,"1.2,5.9,25.9,50.6,16.4","1.1,5.7,4.6,42.5,46","1,310",締切,https://kabu.96ut.com/article/ipo/2020008/
2020,フォーラムエンジニアリング,野村,03/09(月),東1,7088,"1,310-1,400","1,310","1,500","1,231",C,4,"1,432",97,"1.1,2.1,15.8,47.4,33.6","1,1,12.4,82.5,3.1","1,030",締切,https://kabu.96ut.com/article/ipo/2020011/
2020,ウイルテック,日興,03/06(金),東2,7087,"1,100-1,200","1,200","1,230","1,150",C,4,"1,297",80,"1.3,1.3,19.2,47.4,30.8","0,2.5,5,87.5,5","1,200",締切,https://kabu.96ut.com/article/ipo/2020009/
2020,きずなホールディングス,野村,03/06(金),東M,7086,"2,200-2,320","2,320","2,500","2,340",C,5,"2,507",80,"1.3,1.3,39.2,50.6,7.6","0,0,23.8,76.2,0","2,220",締切,https://kabu.96ut.com/article/ipo/2020007/
2020,Kids Smile Holdings,いちよし,03/04(水),東M,7084,"2,160-2,260","2,260","4,100","2,800",A,8,"3,907",89,"2.2,60.7,32.6,4.5,0","20.2,53.9,21.3,4.5,0","2,732",締切,https://kabu.96ut.com/article/ipo/2020005/
2020,カーブスホールディングス,三菱,03/02(月),東1,7085,720-750,750,880,800,B,7,"1,050",103,"6.1,12.2,56.1,22.4,3.1","15.5,16.5,36.9,31.1,0",670,締切,https://kabu.96ut.com/article/ipo/2020006/
2020,ＡＨＣグループ,みずほ,02/25(火),東M,7083,"2,000-2,200","2,200","3,600","4,000",A,8,"4,131",107,"11.4,52.4,31.4,3.8,1","51.4,34.6,10.3,2.8,0.9","3,550",締切,https://kabu.96ut.com/article/ipo/2020004/
2020,ジャパン・インフラファンド投資法人,みずほ,02/20(木),東イ,9287,93k-95k,"95,000","91,000","91,500",D,3,"96,125",97,"0,1,12.5,32.3,54.2","0,0,3.1,95.9,1","101,000",締切,https://kabu.96ut.com/article/ipo/2020003/
2020,コーユーレンティア,いちよし,02/07(金),JQS,7081,"1,740-1,890","1,890","3,400","3,400",B,7,"3,576",105,"6.8,43.7,42.7,2.9,3.9","35.2,53.3,5.7,2.9,2.9","2,510",締切,https://kabu.96ut.com/article/ipo/2020001/
2020,ジモティー,大和,02/07(金),東M,7082,"960-1,000","1,000","2,200","2,300",A,8,"2,562",143,"12.7,61.9,22.4,0.7,2.2","86,7.7,1.4,3.5,1.4","2,300",締切,https://kabu.96ut.com/article/ipo/2020002/
2021,Institution for a Global Society,野村,12/29(水),東M,4265,"1,660-1,720","1,720","2,500","2,500",B,6,"2,989",66,"7.8,25,56.3,7.8,3.1","25.8,45.5,19.7,9,0","2,002",締切,https://kabu.96ut.com/article/ipo/2021131/
2021,セキュア,日興,12/27(月),東M,4264,870-950,950,"1,800","2,200",B,7,"1,931",58,"5.4,41.1,41.1,7.1,5.3","65.5,17.2,3.4,13.8,0","2,185",締切,https://kabu.96ut.com/article/ipo/2021130/
2021,アジアクエスト,みずほ,12/27(月),東M,4261,"2,370-2,430","2,430","4,860","5,150",A,8,"5,027",61,"18.3,58.3,18.3,1.7,3.3","60.7,23,8.2,8.1,0","5,600",締切,https://kabu.96ut.com/article/ipo/2021122/
2021,長栄,日興,12/24(金),東2,2993,"1,700-1,800","1,800","1,850","1,656",C,4,"1,772",61,"1.6,0,11.5,31.1,55.7","0,0,3.3,86.9,9.8","1,656",締切,https://kabu.96ut.com/article/ipo/2021123/
2021,ニフティライフスタイル,みずほ,12/24(金),東M,4262,"1,940-2,000","2,000","2,000","1,840",C,5,"2,157",59,"1.8,1.8,35.1,36.8,24.5","0,5.1,8.5,84.7,1.7","1,800",締切,https://kabu.96ut.com/article/ipo/2021124/
2021,サスメド,日興,12/24(金),東M,4263,"1,310-1,410","1,410","1,600","1,297",C,5,"1,521",67,"3.1,3.1,32.3,36.9,24.6","0,6,28.4,61.2,4.4","1,500",締切,https://kabu.96ut.com/article/ipo/2021125/
2021,エフ・コード,SBI,12/24(金),東M,9211,"1,860-2,020","2,020","4,100","6,000",A,8,"4,711",61,"28.3,58.3,11.7,0,1.7","75.4,16.4,6.6,1.6,0","6,000",締切,https://kabu.96ut.com/article/ipo/2021126/
2021,Ｇｒｅｅｎ Ｅａｒｔｈ Ｉｎｓｔｉｔｕｔｅ,みずほ,12/24(金),東M,9212,"1,060-1,160","1,160","1,300","1,100",C,5,"1,255",67,"3.1,1.6,29.7,35.9,29.7","0,11.9,22.4,61.2,4.5","1,160",締切,https://kabu.96ut.com/article/ipo/2021127/
2021,ＣＳ－Ｃ,SBI,12/24(金),東M,9258,"910-1,010","1,010","1,600","1,150",B,7,"1,725",83,"5.1,19,54.4,13.9,7.6","34.9,37.3,12,15.7,0","1,205",締切,https://kabu.96ut.com/article/ipo/2021128/
2021,タカヨシ,野村,12/24(金),東M,9259,"1,490-1,560","1,560","1,700","1,560",C,5,"1,704",58,"1.7,5.2,31,43.1,19","0,3.4,29.3,67.2,0","1,700",締切,https://kabu.96ut.com/article/ipo/2021129/
2021,三和油化工業,野村,12/23(木),JQS,4125,"3,100-3,500","3,500","3,500","3,300",C,4,"3,407",58,"3.4,3.4,10.3,43.1,39.7","0,3.4,17.2,79.3,0","4,020",締切,https://kabu.96ut.com/article/ipo/2021115/
2021,ZEALS,大和,12/23(木),東M,9255,"1,220-1,420",未,"1,480",-,C,5,"1,628",51,"2,5.9,19.6,41.2,31.3","2,3.9,5.9,78.4,9.8",-,締切,https://kabu.96ut.com/article/ipo/2021110/
2021,エクサウィザーズ,日興,12/23(木),東M,4259,"1,050-1,150","1,150","1,300","1,150",C,5,"1,231",103,"1.9,5.8,20.4,38.8,33","3.9,7.8,19.4,63.1,5.8","1,030",締切,https://kabu.96ut.com/article/ipo/2021116/
2021,クルーバー,みずほ,12/23(木),JQS,7134,"1,760-2,160","2,160","2,100","1,987",D,3,"2,066",57,"0,0,16.4,27.3,56.3","0,0,3.5,86,10.5","1,800",締切,https://kabu.96ut.com/article/ipo/2021118/
2021,ハイブリッドテクノロジーズ,SBI,12/23(木),東M,4260,460-500,500,700,600,B,7,761,85,"7.3,23.2,43.9,15.9,9.7","27.1,29.4,23.5,18.8,1.2",730,締切,https://kabu.96ut.com/article/ipo/2021117/
2021,THECOO,みずほ,12/22(水),東M,4255,"7,000-7,200","7,200","7,600","7,500",C,5,"8,000",63,"8.1,9.7,16.1,43.5,22.6","6.3,6.3,12.7,65.1,9.5","6,100",締切,https://kabu.96ut.com/article/ipo/2021111/
2021,Ｆｉｎａｔｅｘｔホールディングス,大和,12/22(水),東M,4419,"1,100-1,290","1,290","1,200","1,193",D,3,"1,228",71,"1.4,1.4,10,30,57.1","1.4,1.4,0,87.3,9.9",990,締切,https://kabu.96ut.com/article/ipo/2021107/
2021,サインド,野村,12/22(水),東M,4256,"2,940-3,250","3,250","3,500","3,500",B,6,"3,704",56,"3.6,16.4,40,32.7,7.3","0,16.1,39.3,44.6,0","2,990",締切,https://kabu.96ut.com/article/ipo/2021112/
2021,リニューアブル・ジャパン,日興,12/22(水),東M,9522,"1,720-1,800","1,800","1,720","1,664",D,3,"1,825",65,"0,3.1,17.2,31.3,48.4","1.5,1.5,9.2,87.7,0","1,663",締切,https://kabu.96ut.com/article/ipo/2021113/
2021,網屋,岡三,12/22(水),東M,4258,"1,700-1,970","1,970","2,500","2,400",B,6,"2,778",59,"6.8,18.6,59.3,11.9,3.4","6.8,23.7,52.5,16.9,0","2,100",締切,https://kabu.96ut.com/article/ipo/2021119/
2021,サクシード,SBI,12/22(水),東M,9256,"1,420-1,560","1,560","2,130","1,800",B,7,"2,212",67,"1.5,21.2,71.2,3,3","10.4,34.3,37.3,17.9,0","1,671",締切,https://kabu.96ut.com/article/ipo/2021120/
2021,ラバブルマーケティンググループ,SBI,12/21(火),東M,9254,"1,170-1,260","1,260","2,900","2,900",A,8,"3,008",57,"8.8,56.1,33.3,1.8,0","80.7,14,0,3.5,1.8","4,845",締切,https://kabu.96ut.com/article/ipo/2021114/
2021,湖北工業,野村,12/21(火),東2,6524,"3,840-4,000","4,000","4,150","4,300",C,5,"4,306",63,"3.3,8.2,31.1,41,16.4","1.6,4.8,14.3,77.8,1.5","5,300",締切,https://kabu.96ut.com/article/ipo/2021109/
2021,ライフドリンク カンパニー,日興/大和,12/21(火),東2,2585,"1,510-1,535","1,535","1,550","1,427",C,4,"1,543",59,"1.7,0,23.7,44.1,30.5","0,1.7,5.1,91.5,1.7","1,427",締切,https://kabu.96ut.com/article/ipo/2021108/
2021,ＹＣＰホールディングス（グローバル）リミテッド,野村,12/21(火),東M,9257,790-830,830,950,880,C,5,902,53,"1.9,1.9,30.2,47.2,18.8","0,3.8,28.3,67.9,0",770,締切,https://kabu.96ut.com/article/ipo/2021121/
2021,ＨＹＵＧＡ ＰＲＩＭＡＲＹ ＣＡＲＥ,みずほ,12/20(月),東M,7133,"2,420-2,600","2,600","3,080","2,800",B,6,"3,611",59,"1.7,23.7,64.4,5.1,5.1","5.1,35.6,37.3,22,0","3,640",締切,https://kabu.96ut.com/article/ipo/2021104/
2021,グローバルセキュリティエキスパート,日興,12/20(月),東M,4417,"2,680-2,800","2,800","3,500","3,000",B,6,"3,798",50,"2.1,10.6,78.7,4.3,4.3","2,18,62,16,2","4,020",締切,https://kabu.96ut.com/article/ipo/2021105/
2021,JDSC,大和,12/20(月),東M,4418,"1,620-1,680","1,680","2,600","1,850",B,7,"2,869",63,"8.2,24.6,52.5,8.2,6.5","25.4,41.3,25.4,7.9,0","1,681",締切,https://kabu.96ut.com/article/ipo/2021106/
2021,Ｔｒｕｅ Ｄａｔａ,いちよし,12/16(木),東M,4416,"2,000-2,220","2,220","2,450","2,400",C,5,"2,654",70,"1.5,8.8,25,47.1,17.6","4.3,1.4,32.9,61.4,0","2,250",締切,https://kabu.96ut.com/article/ipo/2021102/
2021,ブロードエンタープライズ,みずほ,12/16(木),東M,4415,"2,390-2,790","2,790","3,100","3,100",B,6,"3,285",62,"1.7,6.7,58.3,25,8.3","0,3.2,35.5,61.3,0","3,005",締切,https://kabu.96ut.com/article/ipo/2021101/
2021,ネットプロテクションズホールディングス,大和/日興,12/15(水),東1,7383,"1,300-1,450","1,450","1,520","1,750",C,5,"1,586",100,"5,9,25,43,18","4.9,15.7,35.3,38.2,5.9","1,378",締切,https://kabu.96ut.com/article/ipo/2021103/
2021,フレクト,大和,12/10(金),東M,4414,"2,210-2,550","2,550","3,600","3,600",B,7,"3,573",61,"4.9,29.5,59,6.6,0","11.5,45.9,37.7,3.3,1.6","5,810",締切,https://kabu.96ut.com/article/ipo/2021100/
2021,のむら産業,みずほ,12/02(木),JQS,7131,"1,160-1,210","1,210","1,210","1,160",C,4,"1,262",62,"1.7,5,20,45,28.3","0,3.2,9.7,87.1,0","1,113",締切,https://kabu.96ut.com/article/ipo/2021099/
2021,ボードルア,日興,11/30(火),東M,4413,"1,850-2,000","2,000","2,800","2,800",B,7,"2,991",72,"5.8,30.4,53.6,8.7,1.4","13.9,47.2,30.6,8.3,0","2,750",締切,https://kabu.96ut.com/article/ipo/2021098/
2021,スローガン,日興/マネ,11/25(木),東M,9253,"1,020-1,200","1,200","1,800","1,870",B,6,"1,896",71,"1.4,24.3,65.7,8.6,0","25.4,60.6,14,0,0","1,800",締切,https://kabu.96ut.com/article/ipo/2021097/
2021,ラストワンマイル,SBI,11/24(水),東M,9252,"1,570-1,710","1,710","2,210","2,570",B,6,"2,646",73,"12.3,23.3,56.2,5.5,2.7","32.9,53.4,11,2.7,0","2,520",締切,https://kabu.96ut.com/article/ipo/2021096/
2021,サイエンスアーツ,岡三,11/24(水),東M,4412,"1,510-1,710","1,710","3,300","3,400",A,8,"3,676",70,"20,38.6,37.1,4.3,0","64.3,27.1,8.6,0,0","4,545",締切,https://kabu.96ut.com/article/ipo/2021095/
2021,AB&Company,大和,11/19(金),東M,9251,"1,470-1,490","1,490","1,490","1,410",C,4,"1,462",77,"2.7,0,12,34.7,50.6","0,1.3,2.6,96.1,0","1,400",締切,https://kabu.96ut.com/article/ipo/2021094/
2021,GRCS,野村,11/18(木),東M,9250,"3,270-3,600","3,600","6,000","5,400",A,8,"5,723",67,"9,64.2,22.4,4.4,0","13.4,61.2,23.9,1.5,0","5,400",締切,https://kabu.96ut.com/article/ipo/2021093/
2021,日本調理機,SBI,11/09(火),東2,2961,"2,610-2,710","2,710","3,080","2,750",C,5,"3,169",75,"2.7,8.1,35.1,43.2,10.8","2.7,4,18.7,74.6,0","2,750",締切,https://kabu.96ut.com/article/ipo/2021092/
2021,Photosynth,大和,11/05(金),東M,4379,"1,250-1,500","1,500","2,250","2,000",B,7,"2,306",104,"7.8,30.1,47.6,11.7,2.8","9.6,40.4,36.5,13.5,0","1,410",締切,https://kabu.96ut.com/article/ipo/2021091/
2021,フロンティア,JTG,11/01(月),福Q,4250,830-930,930,"1,350","1,250",B,6,"1,388",66,"4.5,13.6,62.1,18.2,1.5","9.1,42.4,39.4,9.1,0",958,締切,https://kabu.96ut.com/article/ipo/2021090/
2021,CINC,日興,10/26(火),東M,4378,"2,850-3,080","3,080","5,000","4,600",A,8,"5,066",75,"9.5,56.8,29.7,4,0","20,60,16,4,0","3,950",締切,https://kabu.96ut.com/article/ipo/2021089/
2021,ＰＨＣホールディングス,日興/三菱,10/14(木),東1,6523,"3,250-3,500","3,250","3,400","3,120",D,3,"3,259",95,"2.2,0,14,25.8,58","3.2,0,1.1,76.8,18.9","3,120",締切,https://kabu.96ut.com/article/ipo/2021087/
2021,日本エコシステム,みずほ,10/08(金),東2,9249,"2,060-2,120","2,120","2,200","2,100",C,5,"2,271",65,"3.1,3.1,29.7,43.8,20.3","1.5,1.5,15.4,80,1.5","2,200",締切,https://kabu.96ut.com/article/ipo/2021088/
2021,ワンキャリア,日興,10/07(木),東M,4377,"2,040-2,090","2,090","2,400","2,500",B,6,"2,716",66,"3,10.6,63.6,16.7,6.1","3,18.2,50,27.3,1.5","2,500",締切,https://kabu.96ut.com/article/ipo/2021086/
2021,アスタリスク,野村,09/30(木),東M,6522,"3,080-3,300","3,300","5,500","5,500",A,8,"6,151",54,"11.1,64.8,24.1,0,0","40.7,51.9,7.4,0,0","5,760",締切,https://kabu.96ut.com/article/ipo/2021084/
2021,プロジェクトカンパニー,SBI,09/29(水),東M,9246,"2,570-2,650","2,650","3,180","2,950",B,6,"3,497",62,"8.3,16.7,46.7,18.3,10","8.1,12.9,38.7,40.3,0","3,500",締切,https://kabu.96ut.com/article/ipo/2021081/
2021,セーフィー,日興,09/29(水),東M,4375,"2,280-2,430","2,430","2,600","2,800",C,5,"2,712",81,"6.4,5.1,37.2,35.9,15.4","3.7,6.2,25.9,64.2,0","3,350",締切,https://kabu.96ut.com/article/ipo/2021085/
2021,ジィ・シィ企画,岡三,09/28(火),東M,4073,"1,810-1,890","1,890","3,600","3,600",A,8,"4,127",64,"9.5,50.8,33.3,6.3,0","67.2,26.6,6.2,0,0","2,560",締切,https://kabu.96ut.com/article/ipo/2021083/
2021,ＲＯＢＯＴＰＡＹＭＥＮＴ,SBI,09/28(火),東M,4374,"1,720-1,860","1,860","4,200","4,200",A,8,"4,680",66,"23.1,56.9,16.9,3.1,0","81.8,15.2,1.5,1.5,0","3,725",締切,https://kabu.96ut.com/article/ipo/2021082/
2021,リベロ,日興,09/28(火),東M,9245,"1,250-1,400","1,400","1,800","1,800",B,6,"2,251",51,"2,19.6,58.8,13.7,5.9","11.8,11.8,25.5,47.1,3.8","1,940",締切,https://kabu.96ut.com/article/ipo/2021080/
2021,デジタリフト,みずほ,09/28(火),東M,9244,"1,490-1,570","1,570","2,500","3,080",A,8,"3,101",63,"12.9,43.5,37.1,6.5,0","47.6,38.1,9.5,4.8,0","2,110",締切,https://kabu.96ut.com/article/ipo/2021079/
2021,レナサイエンス,日興,09/24(金),東M,4889,630-670,670,880,950,C,5,937,69,"4.3,13,39.1,31.9,11.6","10.1,37.7,31.9,20.3,0",976,締切,https://kabu.96ut.com/article/ipo/2021077/
2021,シンプレクス・ホールディングス,日興,09/22(水),東1,4373,"1,520-1,620","1,620","1,650","1,720",C,4,"1,701",89,"2.4,7.1,15.5,45.2,29.8","3.4,5.6,5.6,80.9,4.5","1,660",締切,https://kabu.96ut.com/article/ipo/2021078/
2021,ユミルリンク,野村,09/22(水),東M,4372,"950-1,000","1,000","1,800","1,800",A,8,"1,990",55,"3.6,41.8,49.1,5.5,0","47.3,47.3,3.6,1.8,0","1,711",締切,https://kabu.96ut.com/article/ipo/2021076/
2021,コアコンセプト・テクノロジー,大和,09/22(水),東M,4371,"3,350-3,500","3,500","5,250","5,800",A,8,"6,518",59,"15.3,52.5,25.4,6.8,0","40.7,35.6,16.9,6.8,0","7,040",締切,https://kabu.96ut.com/article/ipo/2021075/
2021,GeolocationTechnology,JTG,09/13(月),福Q,4018,"2,040-2,240","2,240","4,000","3,300",A,8,"4,604",68,"12.1,37.9,36.4,9.1,4.5","44.1,26.5,16.2,13.2,0","3,550",締切,https://kabu.96ut.com/article/ipo/2021074/
2021,メディア総研,東洋,09/02(木),東M,9242,"2,600-2,900","2,900","3,550","3,200",B,7,"3,732",58,"1.8,18.2,54.5,16.4,9.1","3.4,37.9,34.5,22.4,1.7","3,105",締切,https://kabu.96ut.com/article/ipo/2021073/
2021,モビルス,大和,09/02(木),東M,4370,"1,060-1,280","1,280","2,560","1,680",A,8,"2,444",69,"7.4,52.9,26.5,8.8,4.4","63.8,23.2,8.7,4.3,0","1,830",締切,https://kabu.96ut.com/article/ipo/2021072/
2021,ジェイフロンティア,SBI,08/27(金),東M,2934,"3,950-4,190","4,190","5,300","4,300",B,6,"6,124",84,"8.5,23.2,48.8,15.9,3.6","9.5,23.8,41.7,25,0","3,560",締切,https://kabu.96ut.com/article/ipo/2021071/
2021,タンゴヤ,みずほ,08/24(火),JQS,7126,"1,540-1,600","1,600","2,400","1,800",B,6,"2,260",61,"5,13.3,56.7,20,5","9.8,26.2,42.6,21.3,0","1,703",締切,https://kabu.96ut.com/article/ipo/2021070/
2021,シイエヌエス,東海東京,08/20(金),東M,4076,"1,700-1,940","1,940","3,500","3,800",A,8,"3,654",55,"3.6,61.8,30.9,3.6,0","69.1,27.3,3.6,0,0","3,010",締切,https://kabu.96ut.com/article/ipo/2021069/
2021,フューチャーリンクネットワーク,岡三,08/20(金),東M,9241,"2,230-2,470","2,470","3,840","4,500",B,7,"4,173",59,"7,35.1,49.1,7,1.8","35.6,47.5,10.2,6.7,0","4,315",締切,https://kabu.96ut.com/article/ipo/2021068/
2021,ＡＩメカテック,みずほ,07/30(金),東2,6227,"1,900-1,920","1,920","2,000","2,000",C,4,"2,013",93,"2.2,7.9,20.2,37.1,32.6","2.2,5.4,4.3,80.6,7.5","1,941",締切,https://kabu.96ut.com/article/ipo/2021065/
2021,デリバリーコンサルティング,日興,07/29(木),東M,9240,850-950,950,"1,400","1,500",B,6,"1,597",63,"1.6,19.4,53.2,21,4.8","7.9,23.8,36.5,30.2,1.6","1,472",締切,https://kabu.96ut.com/article/ipo/2021067/
2021,ブレインズテクノロジー,日興,07/28(水),東M,4075,"1,630-1,780","1,780","3,600","4,500",A,8,"3,708",71,"12.9,60,24.3,2.8,0","67.6,29.6,1.4,1.4,0","4,165",締切,https://kabu.96ut.com/article/ipo/2021066/
2021,サーキュレーション,みずほ,07/27(火),東M,7379,"1,610-1,810","1,810","2,300","2,800",B,7,"2,479",66,"4.5,19.7,57.6,16.7,1.5","6.1,40.9,45.5,7.5,0","3,205",締切,https://kabu.96ut.com/article/ipo/2021064/
2021,ランドネット,日興,07/21(水),JQS,2991,"3,680-3,830","3,830","4,500","4,500",B,6,"4,819",60,"1.7,10.3,63.8,20.7,3.4","1.7,15,50,33.3,0","5,320",締切,https://kabu.96ut.com/article/ipo/2021063/
2021,アシロ,野村,07/20(火),東M,7378,"1,120-1,160","1,160","1,300","1,200",C,5,"1,365",95,"4.3,7.5,32.3,39.8,16.1","3.2,12.6,30.5,49.5,4.2","1,480",締切,https://kabu.96ut.com/article/ipo/2021062/
2021,ラキール,野村,07/16(金),東M,4074,"1,300-1,400","1,400","2,500","2,200",B,7,"2,765",70,"4.3,38.6,47.1,10,0","51.4,31.4,14.3,2.9,0","2,480",締切,https://kabu.96ut.com/article/ipo/2021061/
2021,コラントッテ,野村,07/08(木),東M,7792,"1,000-1,100","1,100","1,600","1,320",B,7,"1,702",88,"4.7,14,61.6,14,5.7","21.6,42,29.5,6.8,0","1,385",締切,https://kabu.96ut.com/article/ipo/2021060/
2021,ジィ・シィ企画,岡三,07/07(水),東M,4073,"1,720-1,840",未,"4,600",-,A,9,"4,680",54,"7.5,69.8,17,5.7,0","90.7,3.7,1.9,3.7,0",-,締切,https://kabu.96ut.com/article/ipo/2021059/
2021,ＢＣＣ,SBI,07/06(火),東M,7376,"1,180-1,300","1,300","4,160","4,160",A,9,"4,655",73,"17.4,65.2,15.9,1.4,0","95.9,2.7,0,1.4,0","3,350",締切,https://kabu.96ut.com/article/ipo/2021058/
2021,プラスアルファ・コンサルティング,野村,06/30(水),東M,4071,"2,100-2,300","2,300","4,140","2,850",A,8,"4,162",69,"7.4,47.1,44.1,1.4,0","56.5,29,14.5,0,0","2,720",締切,https://kabu.96ut.com/article/ipo/2021056/
2021,ＢｌｕｅＭｅｍｅ,東海東京,06/29(火),東M,4069,"2,400-2,820","2,820","4,600","3,500",B,7,"4,717",53,"7.7,34.6,51.9,5.8,0","37.7,47.2,9.4,5.7,0","2,850",締切,https://kabu.96ut.com/article/ipo/2021053/
2021,リヴァンプ,野村,06/29(火),JQS,4070,"2,710-3,100",未,"5,000",-,B,7,"5,066",36,"5.6,38.9,41.7,11.1,2.7","22.2,58.3,13.9,2.8,2.8",-,締切,https://kabu.96ut.com/article/ipo/2021054/
2021,Waqoo,SBI,06/29(火),東M,4937,"1,780-1,920","1,920","3,400","2,800",B,7,"3,492",57,"5.3,26.3,59.6,8.8,0","26.3,54.4,14,5.3,0","2,362",締切,https://kabu.96ut.com/article/ipo/2021055/
2021,オムニ・プラス・システム・リミテッド,みずほ,06/29(火),東M,7699,940-960,960,"1,600","1,400",B,7,"1,846",61,"8.2,24.6,52.5,14.7,0","37.7,32.8,27.9,1.6,0","1,510",締切,https://kabu.96ut.com/article/ipo/2021057/
2021,コンフィデンス,みずほ,06/28(月),東M,7374,"1,680-1,760","1,760","4,000","3,200",A,8,"4,251",56,"7.1,55.4,33.9,3.6,0","87.5,8.9,3.6,0,0","2,911",締切,https://kabu.96ut.com/article/ipo/2021052/
2021,日本電解,日興,06/25(金),東M,5759,"1,800-2,480","1,900","2,200","1,757",D,3,"2,191",82,"0,3.7,9.8,24.4,62.1","3.7,0,6.1,42.7,47.5","1,900",締切,https://kabu.96ut.com/article/ipo/2021046/
2021,ステムセル研究所,野村,06/25(金),東M,7096,"2,540-2,800","2,800","6,500","5,500",A,9,"6,229",58,"8.6,62.1,25.9,3.4,0","77.6,12.1,8.6,1.7,0","4,830",締切,https://kabu.96ut.com/article/ipo/2021050/
2021,ベイシス,みずほ,06/24(木),東M,4068,"1,960-2,040","2,040","4,800","4,700",A,8,"5,392",55,"21.8,52.7,23.6,1.8,0","94.5,5.5,0,0,0","5,200",締切,https://kabu.96ut.com/article/ipo/2021047/
2021,ＨＣＳホールディングス,SBI,06/24(木),JQS,4200,"1,660-1,800","1,800","3,150","3,000",B,7,"3,492",71,"7.1,35.7,50,7.1,0","38,52.1,8.5,1.4,0","2,210",締切,https://kabu.96ut.com/article/ipo/2021048/
2021,セレンディップ・ホールディングス,SBI,06/24(木),東M,7318,"1,030-1,130","1,130","2,080","2,000",B,7,"2,356",66,"3.1,32.3,55.4,9.2,0","50,33.3,15.2,1.5,0","1,656",締切,https://kabu.96ut.com/article/ipo/2021049/
2021,アルマード,野村,06/24(木),JQS,4932,840-880,880,880,880,C,4,994,70,"4.3,8.7,18.8,50.7,17.4","2.9,10,18.6,67.1,1.4",861,締切,https://kabu.96ut.com/article/ipo/2021051/
2021,アイドマ・ホールディングス,みずほ,06/23(水),東M,7373,"1,830-1,930","1,930","4,500","3,300",A,8,"4,434",66,"10.6,56.1,25.8,7.5,0","75.8,21.2,3,0,0","3,430",締切,https://kabu.96ut.com/article/ipo/2021043/
2021,ドリームベッド,野村,06/23(水),東2,7791,"1,400-1,460","1,460","1,600","1,500",C,5,"1,643",58,"1.7,5.2,39.7,46.6,6.8","1.7,6.9,32.8,58.6,0","1,350",締切,https://kabu.96ut.com/article/ipo/2021044/
2021,アイ・パートナーズフィナンシャル,SBI,06/23(水),東M,7345,"2,940-3,120","3,120","12,800","8,800",S,10,"17,671",103,"63.1,27.2,5.8,3.9,0","93.2,6.8,0,0,0","9,880",締切,https://kabu.96ut.com/article/ipo/2021045/
2021,ペルセウスプロテオミクス,SBI,06/22(火),東M,4882,830-870,870,950,900,C,4,"1,028",86,"4.7,4.7,27.1,35.3,28.2","7,3.5,16.3,70.9,2.3","1,005",締切,https://kabu.96ut.com/article/ipo/2021042/
2021,ペイロール,野村,06/22(火),東M,4489,"1,280-1,380","1,380","1,600","1,400",C,5,"1,571",72,"2.8,4.2,38,46.5,8.5","0,4.2,20.8,75,0","1,290",締切,https://kabu.96ut.com/article/ipo/2021041/
2021,デコルテ・ホールディングス,日興/大和,06/22(火),東M,7372,"1,470-1,720","1,720","1,500","1,620",D,3,"1,611",68,"0,0,11.9,28.4,59.7","0,0,2.9,85.3,11.8","1,582",締切,https://kabu.96ut.com/article/ipo/2021040/
2021,東海道リート投資法人,みずほ,06/22(火),東R,2989,98k-100k,"100,000","98,000","96,000",C,4,"97,586",71,"1.4,0,14.5,40.6,43.5","0,1.4,0,97.2,1.4","101,500",締切,https://kabu.96ut.com/article/ipo/2021038/
2021,Ｅｎｊｉｎ,みずほ,06/18(金),東M,7370,"1,300-1,380","1,380","2,500","1,700",B,7,"2,798",71,"2.9,44.3,47.1,4.3,1.4","47.9,35.2,15.5,1.4,0","2,150",締切,https://kabu.96ut.com/article/ipo/2021037/
2021,全研本社,みずほ,06/16(水),東M,7371,"1,290-1,350","1,350","1,980","1,700",B,6,"2,156",83,"2.4,14.6,65.9,15.9,1.2","16.9,48.2,28.9,4.8,1.2","1,506",締切,https://kabu.96ut.com/article/ipo/2021039/
2021,ワンダープラネット,大和,06/10(木),東M,4199,"2,410-2,560","2,560","5,900","5,900",A,9,"7,315",60,"29.3,51.7,15.5,3.4,0","90,5,1.7,3.3,0","4,115",締切,https://kabu.96ut.com/article/ipo/2021036/
2021,テンダ,いちよし,06/10(木),JQS,4198,"3,050-3,250","3,250","8,000","7,630",A,9,"8,565",72,"33.3,48.6,11.1,5.6,1.4","90.3,6.9,0,2.8,0","6,500",締切,https://kabu.96ut.com/article/ipo/2021035/
2021,メイホーホールディングス,東海東京,06/02(水),東M,7369,"1,710-2,080","2,080","4,000","4,500",B,7,"4,102",71,"5.7,44.3,47.1,2.9,0","76.1,16.9,7,0,0","4,630",締切,https://kabu.96ut.com/article/ipo/2021034/
2021,テスホールディングス,大和,04/27(火),東1,5074,"1,470-1,700","1,700","2,080","2,000",C,5,"2,100",119,"1.8,14,38.6,39.5,6.1","2.5,6.7,37.8,52.9,0","2,010",締切,https://kabu.96ut.com/article/ipo/2021033/
2021,ディマージシェア,日興,04/23(金),東M,4195,,未,未,-,,,"5,753",20,"17.6,64.7,17.6,0,0","80,10,5,5,0",-,締切,https://kabu.96ut.com/article/ipo/2021030/
2021,ステラファーマ,みずほ,04/22(木),東M,4888,400-460,460,550,500,C,5,637,99,"3.1,5.2,36.1,41.2,14.4","8.1,10.1,20.2,57.6,4",712,締切,https://kabu.96ut.com/article/ipo/2021032/
2021,ネオマーケティング,いちよし,04/22(木),JQS,4196,"1,660-1,800","1,800","2,500","2,500",B,7,"2,942",63,"1.7,26.7,60,10,1.6","22.2,54,17.5,6.3,0","3,805",締切,https://kabu.96ut.com/article/ipo/2021031/
2021,ビジョナル,野村/三菱,04/22(木),東M,4194,"4,500-5,000","5,000","5,100","6,000",C,5,"5,760",86,"4.7,9.4,41.2,30.6,14.1","3.5,15.1,45.3,34.9,1.2","7,150",締切,https://kabu.96ut.com/article/ipo/2021029/
2021,サイバートラスト,みずほ,04/15(木),東M,4498,"1,600-1,660","1,660","4,980","3,890",A,9,"4,729",71,"11.6,60.9,26.1,1.4,0","90.1,9.9,0,0,0","6,900",締切,https://kabu.96ut.com/article/ipo/2021028/
2021,紀文食品,みずほ,04/13(火),東1,2933,"1,060-1,160","1,160","1,740","1,300",B,6,"1,777",110,"3.7,12,57.4,22.2,4.6","6.4,17.3,35.5,37.3,3.5","1,271",締切,https://kabu.96ut.com/article/ipo/2021027/
2021,アイ・パートナーズフィナンシャル,SBI,04/08(木),東M,7345,,未,未,-,,,"19,349",38,"65.8,18.4,15.8,0,0","94.7,0,0,2.6,2.6",-,締切,https://kabu.96ut.com/article/ipo/2021024/
2021,アイスコ,野村,04/08(木),JQS,7698,"1,750-2,000","2,000","2,800","2,800",B,6,"3,016",61,"1.7,22,54.2,18.6,3.4","24.6,41,16.4,18,0","2,900",締切,https://kabu.96ut.com/article/ipo/2021025/
2021,ファブリカコミュニケーションズ,東海東京,04/07(水),JQS,4193,"5,500-6,000","6,000","8,500","7,800",B,7,"8,084",73,"7,21.1,40.8,19.7,11.3","9.6,38.4,28.8,23.2,0","6,900",締切,https://kabu.96ut.com/article/ipo/2021026/
2021,表示灯,野村,04/07(水),東2,7368,"1,800-2,000","2,000","2,800","2,300",B,7,"2,912",67,"3.1,13.8,66.2,16.9,0","22.4,52.2,19.4,6,0","2,672",締切,https://kabu.96ut.com/article/ipo/2021023/
2021,セルム,野村,04/06(火),JQS,7367,"1,040-1,280","1,280","1,800","1,800",B,7,"1,952",62,"1.7,15.5,51.7,29.3,1.7","53.2,33.9,8.1,3.2,1.6","1,502",締切,https://kabu.96ut.com/article/ipo/2021022/
2021,オキサイド,野村,04/05(月),東M,6521,"2,480-2,800","2,800","5,500","5,000",A,8,"5,381",70,"10.6,40.9,43.9,3,1.5","57.1,28.6,10,4.3,0","6,540",締切,https://kabu.96ut.com/article/ipo/2021021/
2021,スパイダープラス,野村,03/30(火),東M,4192,"1,010-1,160","1,160","1,580","1,600",B,6,"1,901",79,"2.6,21.1,64.5,10.5,1.3","32.9,49.4,13.9,3.8,0","1,722",締切,https://kabu.96ut.com/article/ipo/2021019/
2021,Appier Group,日興/みずほ/メリル,03/30(火),東M,4180,"1,400-1,600","1,600","3,500","3,000",B,7,"3,771",92,"18.6,37.2,36,8.1,0","79.3,13,5.4,2.2,0","2,030",締切,https://kabu.96ut.com/article/ipo/2021020/
2021,イー・ロジット,いちよし,03/26(金),JQS,9327,"1,400-1,500","1,500","3,000","2,000",B,7,"3,800",70,"4.4,50,35.3,7.4,2.9","80,14.3,2.9,2.8,0","1,995",締切,https://kabu.96ut.com/article/ipo/2021015/
2021,ブロードマインド,みずほ,03/26(金),東M,7343,710-810,810,"2,000","1,600",A,8,"2,083",65,"6.7,48.3,40,5,0","93.8,4.6,1.5,0,0","1,566",締切,https://kabu.96ut.com/article/ipo/2021014/
2021,ジーネクスト,日興,03/25(木),東M,4179,"1,130-1,230","1,230","4,000","3,500",A,9,"4,476",71,"21.4,60,15.7,1.4,1.4","98.6,1.4,0,0,0","2,851",締切,https://kabu.96ut.com/article/ipo/2021018/
2021,ベビーカレンダー,SBI,03/25(木),東M,7363,"3,960-4,200","4,200","13,860","10,000",A,9,"14,517",88,"51.7,36.8,5.7,5.7,0","92,2.3,2.3,2.3,1.1","9,400",締切,https://kabu.96ut.com/article/ipo/2021016/
2021,シキノハイテック,みずほ,03/24(水),JQS,6614,360-390,390,"1,280","1,140",A,8,"1,199",61,"3.4,42.4,52.5,1.7,0","95.1,3.3,1.6,0,0","1,221",締切,https://kabu.96ut.com/article/ipo/2021012/
2021,Sharing Innovations,SBI,03/24(水),東M,4178,"2,670-2,850","2,850","6,655","5,700",A,8,"6,817",97,"15.6,65.6,16.7,2.1,0","87.6,9.3,1,2.1,0","4,650",締切,https://kabu.96ut.com/article/ipo/2021017/
2021,Ｔ．Ｓ．Ｉ,野村,03/19(金),東M,7362,"1,700-2,000","2,000","4,100","4,600",A,8,"4,370",66,"4.6,43.1,40,7.7,4.6","83.3,6.1,3,6.1,1.5","4,000",締切,https://kabu.96ut.com/article/ipo/2021010/
2021,ココナラ,大和/みずほ/クレスイ,03/19(金),東M,4176,"1,000-1,200","1,200","1,800","2,400",B,7,"2,119",116,"2.6,31.3,48.7,16.5,0.9","47.9,35,11.1,4.3,1.7","2,300",締切,https://kabu.96ut.com/article/ipo/2021009/
2021,ｉ‐ｐｌｕｇ,大和,03/18(木),東M,4177,"2,470-2,620","2,620","8,650","8,200",A,9,"8,286",79,"25.6,56.4,12.8,3.8,1.3","93.7,1.3,1.3,1.3,2.4","6,000",締切,https://kabu.96ut.com/article/ipo/2021011/
2021,ヒューマンクリエイションホールディングス,日興,03/16(火),東M,7361,"2,020-2,120","2,120","3,400","3,400",B,7,"3,485",85,"2.4,21.4,60.7,14.3,1.2","23.5,44.7,24.7,7.1,0","3,505",締切,https://kabu.96ut.com/article/ipo/2021008/
2021,ウイングアーク１ｓｔ,野村,03/16(火),東1,4432,"1,440-1,590","1,590","1,490","1,550",D,3,"1,526",94,"4.3,2.2,6.5,30.1,56.9","5.3,3.2,0,83,8.5","2,000",締切,https://kabu.96ut.com/article/ipo/2021013/
2021,室町ケミカル,野村,02/26(金),JQS,4885,770-820,820,"1,066","1,150",C,5,"1,107",73,"2.8,5.6,46.5,39.4,5.6","4.1,28.8,43.8,23.3,0","1,424",締切,https://kabu.96ut.com/article/ipo/2021007/
2021,coly,みずほ,02/26(金),東M,4175,"3,930-4,130","4,130","8,300","8,300",A,8,"10,479",107,"25,55.8,13.5,1.9,3.8","77.6,14,1.9,4.7,1.8","8,450",締切,https://kabu.96ut.com/article/ipo/2021006/
2021,アピリッツ,みずほ,02/25(木),JQS,4174,"1,120-1,180","1,180","5,600","6,500",A,9,"5,623",70,"27.9,60.3,8.8,0,2.9","95.7,1.4,0,1.4,1.4","5,600",締切,https://kabu.96ut.com/article/ipo/2021005/
2021,ＷＡＣＵＬ,みずほ,02/19(金),東M,4173,"900-1,050","1,050","3,360","5,000",A,8,"4,411",85,"22.9,59,16.9,1.2,0","100,0,0,0,0","4,645",締切,https://kabu.96ut.com/article/ipo/2021003/
2021,アクシージア,大和,02/18(木),東M,4936,"1,360-1,450","1,450","2,290","3,000",B,7,"2,966",147,"9.9,40.1,44.4,4.2,1.4","49.7,37.4,10.2,2.7,0","2,051",締切,https://kabu.96ut.com/article/ipo/2021004/
2021,アールプランナー,野村,02/10(水),東M,2983,"2,090-2,210","2,210","3,200","3,800",B,7,"3,346",73,"2.9,27.1,50,18.6,1.4","16.4,37,24.7,21.9,0","5,000",締切,https://kabu.96ut.com/article/ipo/2021002/
2021,QDレーザ,日興/SBI,02/05(金),東M,6613,300-340,340,480,610,B,6,617,152,"6,25.5,54.4,10.7,3.4","52,32.9,5.9,8.6,0.6",797,締切,https://kabu.96ut.com/article/ipo/2021001/
2022,スマサポ,みずほ,12/29(木),東G,9342,720-800,800,"1,950","1,880",B,7,"2,088",56,"12.7,38.2,43.6,5.5,0","73.2,17.9,3.6,5.3,0","2,250",締切,https://kabu.96ut.com/article/ipo/2022100/
2022,ＢＴＭ,岡三,12/27(火),東G,5247,"1,350-1,500","1,500","1,940","1,950",B,6,"2,559",56,"9.4,35.8,47.2,5.7,1.9","30.4,41.1,23.2,5.3,0","2,118",締切,https://kabu.96ut.com/article/ipo/2022101/
2022,ELEMENTS,みずほ,12/27(火),東G,5246,150-160,160,300,232,B,6,307,65,"8.1,19.4,41.9,27.4,3.2","55.4,26.2,10.8,6.2,1.4",312,締切,https://kabu.96ut.com/article/ipo/2022098/
2022,アルファパーチェス,日興,12/26(月),東S,7115,850-880,880,"1,130","1,000",C,5,"1,020",56,"9.3,5.6,24.1,55.6,5.4","5.4,8.9,30.4,55.3,0",869,締切,https://kabu.96ut.com/article/ipo/2022096/
2022,ダイワ通信,みずほ,12/26(月),東S,7116,"1,600-1,700","1,700","1,810","1,750",C,4,"1,803",50,"2.1,2.1,20.8,54.2,20.8","0,2,8,90,0","1,620",締切,https://kabu.96ut.com/article/ipo/2022097/
2022,アップコン,JTG,12/26(月),名N,5075,"1,160-1,280","1,280","1,180","1,170",D,3,"1,207",51,"2,4,12,26,56","0,0,5.9,78.4,15.7","1,000",締切,https://kabu.96ut.com/article/ipo/2022099/
2022,GENOVA,SBI,12/23(金),東G,9341,"1,640-1,800","1,800","2,200","2,200",B,6,"2,380",94,"6.7,17.8,44.4,25.6,5.5","5.3,21.3,38.3,31.9,3.2","1,760",締切,https://kabu.96ut.com/article/ipo/2022094/
2022,アソインターナショナル,日興,12/23(金),東S,9340,835-870,870,931,970,C,5,"1,027",50,"4.1,8.2,36.7,44.9,6.1","4,4,32,58,2","1,001",締切,https://kabu.96ut.com/article/ipo/2022093/
2022,jig.jp,日興,12/22(木),東G,5244,310-340,340,530,530,B,6,641,62,"4.9,27.9,54.1,8.2,4.9","41.9,43.5,6.5,4.8,3.2",476,締切,https://kabu.96ut.com/article/ipo/2022088/
2022,コーチ・エィ,野村,12/22(木),東S,9339,"1,660-1,840","1,840","2,350","2,500",B,6,"2,559",51,"2,20,52,22,4","11.8,51,21.6,11.8,3.8","2,500",締切,https://kabu.96ut.com/article/ipo/2022089/
2022,エージェント・インシュアランス・グループ,SBI,12/22(木),名M,5836,600-640,640,800,800,B,6,842,60,"11.9,8.5,40.7,37.3,1.6","8.3,20,40,30,1.7",600,締切,https://kabu.96ut.com/article/ipo/2022095/
2022,アイズ,SBI,12/21(水),東G,5242,"2,020-2,200","2,200","4,000","4,500",A,8,"5,093",85,"23.2,51.2,17.1,6.1,2.4","74.1,18.8,3.5,1.2,2.4","5,160",締切,https://kabu.96ut.com/article/ipo/2022091/
2022,サンクゼール,日興,12/21(水),東G,2937,"1,600-1,800","1,800","1,970","1,970",C,5,"1,930",72,"4.3,14.3,24.3,42.9,14.2","2.8,13.9,36.1,43.1,4.1","2,201",締切,https://kabu.96ut.com/article/ipo/2022090/
2022,note,大和,12/21(水),東G,5243,300-340,340,480,600,B,6,499,61,"3.3,16.7,45,26.7,8.3","18,44.3,19.7,16.4,1.6",521,締切,https://kabu.96ut.com/article/ipo/2022092/
2022,ＩＮＦＯＲＩＣＨ,大和,12/20(火),東G,9338,"4,400-4,600","4,600","5,500","6,500",B,6,"6,487",81,"11.8,11.8,28.9,27.6,19.7","19.8,13.6,23.5,29.6,13.5","10,510",締切,https://kabu.96ut.com/article/ipo/2022087/
2022,monoAI technology,日興,12/20(火),東G,5240,630-660,660,"1,480","1,558",A,8,"1,579",69,"13.2,44.1,32.4,5.9,4.4","65.2,23.2,4.3,2.9,4.3","1,280",締切,https://kabu.96ut.com/article/ipo/2022085/
2022,トリドリ,大和,12/19(月),東G,9337,"1,450-1,500","1,500","2,080","2,080",B,7,"2,351",68,"4.5,28.8,48.5,10.6,7.6","19.1,27.9,30.9,19.1,2.9","2,733",締切,https://kabu.96ut.com/article/ipo/2022083/
2022,Rebase,SBI,12/16(金),東G,5138,880-920,920,"1,800","2,100",B,7,"1,911",73,"12.7,31,45.1,7,4.2","54.8,32.9,4.1,5.5,2.7","2,120",締切,https://kabu.96ut.com/article/ipo/2022081/
2022,フーディソン,日興,12/16(金),東G,7114,"2,210-2,300","2,300","2,300","2,450",C,4,"2,443",62,"1.7,5,16.7,56.7,19.9","1.6,4.8,11.3,79,3.2","2,300",締切,https://kabu.96ut.com/article/ipo/2022082/
2022,オープンワーク,野村,12/16(金),東G,5139,"2,920-3,150","3,150","3,380","3,480",B,6,"3,596",74,"5.6,11.1,41.7,36.1,5.5","0,12.2,31.1,54.1,2.6","3,500",締切,https://kabu.96ut.com/article/ipo/2022084/
2022,AnyMind Group,みずほ,12/15(木),東G,5027,"970-1,000","1,000","1,200",-,C,5,"1,318",93,"11,16.5,24.2,37.4,10.9","6.5,24.7,31.2,37.6,0",-,締切,https://kabu.96ut.com/article/ipo/2022086/
2022,スマートドライブ,日興,12/15(木),東G,5137,"1,260-1,320","1,320","1,350","1,550",C,5,"1,499",72,"2.9,5.7,25.7,44.3,21.4","1.4,12.5,15.3,62.5,8.3","1,630",締切,https://kabu.96ut.com/article/ipo/2022079/
2022,スカイマーク,大和/三菱,12/14(水),東G,9204,"1,150-1,170","1,170","1,250","1,300",C,4,"1,259",96,"1.1,3.2,20,43.2,32.5","1,4.2,11.5,75,8.3","1,272",締切,https://kabu.96ut.com/article/ipo/2022080/
2022,大栄環境,日興,12/14(水),東P,9336,"1,270-1,350","1,350","1,450","1,450",C,5,"1,439",91,"3.4,4.6,21.8,51.7,18.4","3.3,2.2,14.3,73.6,6.6","1,710",締切,https://kabu.96ut.com/article/ipo/2022078/
2022,ｐｒｏｐｅｒｔｙ ｔｅｃｈｎｏｌｏｇｉｅｓ,みずほ,12/13(火),東G,5527,"2,890-2,950","2,950","3,200","3,500",B,6,"3,650",63,"3.3,11.5,50.8,27.9,6.5","1.6,7.9,38.1,50.8,1.6","3,980",締切,https://kabu.96ut.com/article/ipo/2022077/
2022,サイフューズ,SBI,12/01(木),東G,4892,"1,470-1,620","1,620","1,750","1,750",C,5,"1,828",70,"4.4,4.4,22.1,45.6,23.5","4.3,4.3,11.4,74.3,5.7","1,720",締切,https://kabu.96ut.com/article/ipo/2022076/
2022,ウェルプレイド・ライゼスト,SBI,11/30(水),東G,9565,"1,070-1,170","1,170","3,500","3,750",A,9,"4,319",96,"47.3,37.6,10.8,4.3,0","94.8,2.1,1,2.1,0","6,200",締切,https://kabu.96ut.com/article/ipo/2022075/
2022,ｔｒｉｐｌａ,大和,11/25(金),東G,5136,730-800,800,"1,220","1,500",B,7,"1,418",72,"10.1,24.6,55.1,8.7,1.4","59.7,31.9,4.2,4.2,0","1,620",締切,https://kabu.96ut.com/article/ipo/2022074/
2022,ティムス,日興,11/22(火),東G,4891,640-670,670,750,775,C,4,738,66,"1.5,4.5,25.8,50,18.2","1.5,0,18.2,80.3,0",919,締切,https://kabu.96ut.com/article/ipo/2022073/
2022,ベースフード,三菱,11/15(火),東G,2936,760-800,800,750,730,D,3,825,72,"7,1.4,9.9,29.6,52.1","6.7,1.3,1.3,49.3,41.3",710,締切,https://kabu.96ut.com/article/ipo/2022072/
2022,ＰＯＰＥＲ,大和,11/15(火),東G,5134,630-700,700,"1,050","1,050",B,6,"1,148",61,"3.4,17.2,70.7,8.6,0","21.3,65.6,11.5,1.6,0","1,110",締切,https://kabu.96ut.com/article/ipo/2022071/
2022,ｐｌｕｓｚｅｒｏ,日興,10/28(金),東G,5132,"1,560-1,650","1,650","3,795","3,865",A,8,"3,952",63,"20,56.7,18.3,5,0","87.3,1.6,7.9,3.2,0","3,805",締切,https://kabu.96ut.com/article/ipo/2022069/
2022,ＦＣＥ Ｈｏｌｄｉｎｇｓ,みずほ,10/27(木),東S,9564,"1,460-1,560","1,560","2,200","2,340",B,6,"2,360",58,"1.8,12.5,78.6,5.4,1.7","5.2,39.7,44.8,10.3,0","2,060",締切,https://kabu.96ut.com/article/ipo/2022067/
2022,リンカーズ,SBI,10/26(水),東G,5131,290-300,300,450,500,B,7,535,90,"5.9,25.9,60,7.1,1.1","33.3,56.7,4.4,5.6,0",503,締切,https://kabu.96ut.com/article/ipo/2022070/
2022,Atlas Technologies,日興,10/26(水),東G,9563,"1,320-1,440","1,440","2,800","2,800",A,8,"2,835",75,"6.9,52.8,37.5,2.8,0","65.3,26.7,6.7,1.3,0","2,320",締切,https://kabu.96ut.com/article/ipo/2022068/
2022,ビジネスコーチ,日興,10/20(木),東G,9562,"1,910-2,070","2,070","3,105","4,000",B,7,"3,269",66,"6.2,23.1,60,7.7,3","10.6,40.9,36.4,10.6,1.5","4,155",締切,https://kabu.96ut.com/article/ipo/2022066/
2022,ＳＢＩリーシングサービス,大和/みずほ,10/19(水),東G,5834,"2,800-2,980","2,980","3,000","3,100",C,4,"2,980",81,"0,1.3,13.2,40.8,44.7","0,1.2,2.5,95.1,1.2","3,300",締切,https://kabu.96ut.com/article/ipo/2022065/
2022,ソシオネクスト,日興/野村,10/12(水),東P,6526,"3,480-3,650","3,650","3,700","3,700",C,4,"3,669",99,"3.2,4.3,16,36.2,40.3","2,2,8.1,80.8,7.1","3,835",締切,https://kabu.96ut.com/article/ipo/2022064/
2022,キューブ,野村,10/07(金),東G,7112,"2,000-2,140","2,140","2,240","2,160",C,4,"2,226",68,"3,4.5,19.4,47.8,25.3","0,0,7.4,91.2,1.4","2,190",締切,https://kabu.96ut.com/article/ipo/2022063/
2022,ＦＩＸＥＲ,野村,10/06(木),東G,5129,"1,280-1,340","1,340","2,130","2,130",B,7,"2,449",72,"16.4,28.4,49.3,4.5,1.4","36.1,44.4,12.5,4.2,2.8","1,822",締切,https://kabu.96ut.com/article/ipo/2022062/
2022,グッピーズ,日興,09/30(金),東G,5127,"1,400-1,550","1,550","1,940","2,300",B,6,"2,715",66,"14.8,29.5,49.2,4.9,1.6","43.9,34.8,15.2,6.1,0","2,020",締切,https://kabu.96ut.com/article/ipo/2022061/
2022,ポーターズ,みずほ,09/29(木),東G,5126,"1,510-1,570","1,570","2,600","3,100",B,7,"3,265",71,"13,43.5,36.2,2.9,4.3","49.3,39.4,2.8,7,1.4","3,275",締切,https://kabu.96ut.com/article/ipo/2022057/
2022,プログリット,大和,09/29(木),東G,9560,620-730,730,"1,300","1,200",B,6,"1,126",57,"7.3,10.9,47.3,27.3,7.2","19.3,19.3,38.6,19.3,3.5","1,180",締切,https://kabu.96ut.com/article/ipo/2022058/
2022,ファインズ,野村,09/28(水),東G,5125,"1,610-1,800","1,800","2,300","2,400",B,6,"2,838",63,"5,41.7,46.7,5,1.6","22.2,52.4,20.6,4.8,0","2,703",締切,https://kabu.96ut.com/article/ipo/2022059/
2022,グラッドキューブ,大和,09/28(水),東G,9561,870-960,960,"1,440","1,500",B,7,"1,661",69,"9.4,26.6,60.9,3.1,0","21.7,46.4,26.1,5.8,0","1,500",締切,https://kabu.96ut.com/article/ipo/2022060/
2022,キットアライブ,藍澤,09/28(水),札ア,5039,"1,230-1,410","1,410","1,450","1,480",C,5,"1,575",58,"3.5,3.5,36.8,42.1,14","1.7,3.4,22.4,69,3.4","1,666",締切,https://kabu.96ut.com/article/ipo/2022056/
2022,ＦＰパートナー,大和,09/22(木),東G,7388,"2,340-2,600","2,600","2,950","2,960",C,5,"2,932",96,"2.2,11.8,37.6,35.5,12.9","7.3,4.2,37.5,51,0","2,750",締切,https://kabu.96ut.com/article/ipo/2022055/
2022,eWeLL,大和,09/16(金),東G,5038,"1,500-1,700","1,700","3,100","3,300",A,8,"2,916",88,"7.1,56.5,31.8,4.6,0","48.9,33,15.9,2.2,0","3,910",締切,https://kabu.96ut.com/article/ipo/2022054/
2022,ジャパニアス,日興,09/13(火),東G,9558,"960-1,020","1,020","1,650","1,800",B,7,"1,928",86,"2.4,31.7,59.8,6.1,0","36,47.7,12.8,3.5,0","2,010",締切,https://kabu.96ut.com/article/ipo/2022053/
2022,クラシコム,みずほ,08/05(金),東G,7110,"1,340-1,420","1,420","1,350","1,380",D,3,"1,407",66,"1.5,3.1,12.3,33.8,49.2","1.5,1.5,7.6,81.8,7.6","1,520",締切,https://kabu.96ut.com/article/ipo/2022052/
2022,日本ビジネスシステムズ,三菱/みずほ,08/02(火),東S,5036,"1,420-1,520","1,520","1,580","1,800",C,5,"1,659",70,"1.4,12.9,20,54.3,11.4","0,4.3,30,60,5.7","1,827",締切,https://kabu.96ut.com/article/ipo/2022051/
2022,エアークローゼット,みずほ,07/29(金),東G,9557,700-800,800,950,900,B,6,"1,006",73,"2.7,11,35.6,35.6,15.1","2.7,4.1,28.8,61.6,2.7",910,締切,https://kabu.96ut.com/article/ipo/2022048/
2022,ＨＯＵＳＥＩ,みずほ,07/28(木),東G,5035,380-400,400,520,550,B,6,678,70,"2.9,17.4,60.9,15.9,2.9","17.1,37.1,31.4,14.3,0",580,締切,https://kabu.96ut.com/article/ipo/2022050/
2022,unerry,日興,07/28(木),東G,5034,"1,170-1,290","1,290","2,560","2,700",A,8,"2,619",68,"6,58.2,32.8,3,0","67.6,26.5,5.9,0,0","3,000",締切,https://kabu.96ut.com/article/ipo/2022049/
2022,ＩＮＴＬＯＯＰ,東海東京,07/08(金),東G,9556,"2,900-3,500","3,500","3,500","3,220",C,4,"3,813",72,"7,4.2,18.3,36.6,33.8","9.7,1.4,8.3,77.8,2.8","3,150",締切,https://kabu.96ut.com/article/ipo/2022047/
2022,ＡＶｉＣ,みずほ,06/30(木),東G,9554,"920-1,020","1,020","1,500","1,200",B,6,"1,491",62,"4.9,9.8,57.4,26.2,1.6","9.7,46.8,22.6,19.4,1.5","1,266",締切,https://kabu.96ut.com/article/ipo/2022046/
2022,マイクロアド,SBI,06/29(水),東G,9553,"1,300-1,410","1,410","1,600","1,600",B,6,"1,816",71,"8.7,15.9,29,33.3,13","15.5,9.9,22.5,49.3,2.8","1,290",締切,https://kabu.96ut.com/article/ipo/2022045/
2022,ヌーラボ,日興,06/28(火),東G,5033,"960-1,000","1,000","1,350","1,250",C,5,"1,323",51,"4,4,18,50,24","0,0,0,17.6,82.4",955,締切,https://kabu.96ut.com/article/ipo/2022043/
2022,Ｍ＆Ａ総合研究所,野村,06/28(火),東G,9552,"1,210-1,330","1,330","2,000","2,000",B,7,"2,068",71,"4.2,25.4,47.9,18.3,4.2","21.1,45.1,21.1,8.5,4.2","2,510",締切,https://kabu.96ut.com/article/ipo/2022044/
2022,サンウェルズ,野村,06/27(月),東G,9229,"1,770-1,940","1,940","2,200","2,000",C,5,"2,140",62,"6.6,3.3,24.6,45.9,19.6","1.6,1.6,17.7,79,0","2,300",締切,https://kabu.96ut.com/article/ipo/2022042/
2022,イーディーピー,日興,06/27(月),東G,7794,"4,500-5,000","5,000","5,800","6,000",B,6,"6,170",63,"3.2,17.7,45.2,30.6,3.2","7.9,23.8,41.3,27,0","8,200",締切,https://kabu.96ut.com/article/ipo/2022037/
2022,マイクロ波化学,日興,06/24(金),東G,9227,580-605,605,680,680,C,5,756,76,"5.6,9.7,27.8,43.1,13.8","9.2,14.5,36.8,39.5,0",550,締切,https://kabu.96ut.com/article/ipo/2022036/
2022,ウェルネス・コミュニケーションズ,野村,06/23(木),東G,9228,,未,未,-,,,"2,091",14,"0,0,28.6,57.1,14.3","0,0,0,100,0",-,締切,https://kabu.96ut.com/article/ipo/2022041/
2022,ジャパンワランティサポート,みずほ,06/23(木),東G,7386,"1,500-1,640","1,640","1,580","1,620",C,4,"1,706",54,"0,1.9,22.2,50,25.9","0,0,7.4,92.6,0","1,480",締切,https://kabu.96ut.com/article/ipo/2022040/
2022,坪田ラボ,日興,06/23(木),東G,4890,450-470,470,650,700,B,6,794,81,"3.8,30.8,47.4,14.1,3.8","27.2,33.3,30.9,8.6,0",794,締切,https://kabu.96ut.com/article/ipo/2022039/
2022,ホームポジション,いちよし,06/23(木),東S,2999,450-500,450,480,414,C,4,501,64,"1.6,0,12.5,48.4,37.5","0,1.5,6.2,87.7,4.6",465,締切,https://kabu.96ut.com/article/ipo/2022038/
2022,ヤマイチ・ユニハイムエステート,野村,06/20(月),東S,2984,900-950,950,960,910,C,4,952,67,"1.6,0,7.8,54.7,35.9","0,0,6,94,0",878,締切,https://kabu.96ut.com/article/ipo/2022035/
2022,ＡＮＹＣＯＬＯＲ,大和/三菱,06/08(水),東G,5032,"1,490-1,530","1,530","3,520","3,520",A,9,"3,622",83,"25.6,50,23.2,1.2,0","79.5,14.5,6,0,0","4,810",締切,https://kabu.96ut.com/article/ipo/2022034/
2022,トリプルアイズ,いちよし,05/31(火),東G,5026,800-880,880,"2,900","2,900",A,8,"2,790",73,"19.7,60.6,16.9,2.8,0","93.2,5.5,0,1.3,0","2,200",締切,https://kabu.96ut.com/article/ipo/2022033/
2022,ペットゴー,みずほ,04/28(木),東G,7140,500-550,550,980,"1,020",B,6,"1,304",62,"15,23.3,48.3,11.7,1.7","69.4,22.6,3.2,4.8,0","1,295",締切,https://kabu.96ut.com/article/ipo/2022032/
2022,クリアル,SBI,04/28(木),東G,2998,850-930,930,"1,860","1,600",B,7,"1,840",65,"7.8,25,53.1,14.1,0","53.8,29.2,9.2,7.7,0","1,600",締切,https://kabu.96ut.com/article/ipo/2022031/
2022,モイ,SBI,04/27(水),東G,5031,430-470,470,980,930,B,7,990,87,"10.6,31.8,49.4,7.1,1.1","52.9,33.3,10.3,3.4,0",902,締切,https://kabu.96ut.com/article/ipo/2022030/
2022,ストレージ王,大和,04/27(水),東G,2997,530-660,660,700,800,C,5,897,54,"1.9,5.8,48.1,28.8,15.4","0,7.4,11.1,61.1,20.4",756,締切,https://kabu.96ut.com/article/ipo/2022029/
2022,インフォメティス,みずほ,04/25(月),東G,5030,,未,未,-,,,"1,139",18,"0,5.6,16.7,50,27.7","0,0,11.1,77.8,11.1",-,締切,https://kabu.96ut.com/article/ipo/2022026/
2022,フルハシＥＰＯ,大和,04/21(木),東S,9221,"1,100-1,140","1,140","1,260","1,400",C,5,"1,362",59,"1.7,8.6,29.3,51.7,8.6","1.7,13.6,25.4,57.6,1.7","1,733",締切,https://kabu.96ut.com/article/ipo/2022027/
2022,ＡＳＮＯＶＡ,東海東京,04/21(木),名N,9223,"1,430-1,630","1,630","1,650","1,550",C,5,"1,614",56,"3.6,0,12.5,46.4,37.5","0,3.6,7.1,85.7,3.6","1,499",締切,https://kabu.96ut.com/article/ipo/2022028/
2022,サークレイス,大和,04/12(火),東G,5029,680-720,720,"1,520","1,800",B,7,"1,532",57,"7.3,30.9,47.3,14.5,0","52.6,28.1,12.3,7,0","2,320",締切,https://kabu.96ut.com/article/ipo/2022025/
2022,エフビー介護サービス,野村,04/07(木),東S,9220,"1,210-1,400","1,400","1,800","1,800",B,6,"1,701",54,"1.9,15.4,44.2,32.7,5.8","3.7,25.9,46.3,24.1,0","1,561",締切,https://kabu.96ut.com/article/ipo/2022024/
2022,セカンドサイトアナリティカ,日興,04/04(月),東G,5028,"1,290-1,390","1,390","3,190","3,190",A,8,"2,981",53,"15.4,55.8,25,3.8,0","75.5,20.8,0,3.7,0","3,190",締切,https://kabu.96ut.com/article/ipo/2022023/
2022,ノバック,東海東京,03/31(木),東2,5079,"3,000-3,260","3,000","3,130","2,760",C,4,"3,002",48,"0,2.1,10.4,31.3,56.2","0,0,2.1,85.4,12.5","2,630",締切,https://kabu.96ut.com/article/ipo/2022022/
2022,ギックス,野村,03/30(水),東M,9219,"980-1,070","1,070","1,150","1,150",C,5,"1,244",52,"2,5.9,33.3,37.3,21.5","0,5.8,25,55.8,13.4","1,100",締切,https://kabu.96ut.com/article/ipo/2022021/
2022,AnyMind Group,みずほ,03/30(水),東M,5027,,未,未,-,,,"1,376",37,"10.8,24.3,18.9,16.2,29.7","0,8.1,37.8,27,27",-,締切,https://kabu.96ut.com/article/ipo/2022020/
2022,メンタルヘルステクノロジーズ,みずほ,03/28(月),東M,9218,560-630,630,"1,005",945,B,7,"1,324",80,"16.7,28.2,42.3,7.7,5.1","38.8,38.8,11.3,6.3,4.8",880,締切,https://kabu.96ut.com/article/ipo/2022019/
2022,住信SBIネット銀行,野村,03/24(木),東1,7163,,未,未,-,,,"1,775",42,"2.4,2.4,14.3,23.8,57.1","0,2.4,0,76.2,21.4",-,締切,https://kabu.96ut.com/article/ipo/2022017/
2022,ＴＯＲＩＣＯ,日興,03/23(水),東M,7138,"1,500-1,700","1,700","2,500","2,550",B,6,"2,444",50,"6.1,10.2,61.2,10.2,12.2","2,14,46,24,14","2,510",締切,https://kabu.96ut.com/article/ipo/2022018/
2022,Repertoire Genesis,みずほ,03/18(金),東M,9217,"750-1,050",未,750,-,D,3,982,57,"0,0,5.4,10.7,83.9","1.8,0,1.8,14,82.4",-,締切,https://kabu.96ut.com/article/ipo/2022015/
2022,守谷輸送機工業,日興,03/17(木),東2,6226,730-810,810,800,745,C,4,774,55,"1.8,0,12.7,41.8,43.6","0,1.8,3.6,83.6,10.9",820,締切,https://kabu.96ut.com/article/ipo/2022016/
2022,セレコーポレーション,みずほ,03/11(金),東2,5078,"1,800-1,900","1,900","1,850","1,850",C,5,"2,074",60,"1.7,3.3,18.3,43.3,33.3","0,5,8.3,73.3,13.3","1,820",締切,https://kabu.96ut.com/article/ipo/2022014/
2022,シノケンリート投資法人,大和,03/08(火),東R,2996,,未,未,-,,,"93,294",19,"0,0,17.6,11.8,70.6","0,0,0,95,5",-,締切,https://kabu.96ut.com/article/ipo/2022013/
2022,トリプルアイズ,いちよし,03/04(金),東M,5026,,未,未,-,,,"5,581",23,"26.1,60.9,13,0,0","87,8.7,0,4.3,0",-,締切,https://kabu.96ut.com/article/ipo/2022012/
2022,イメージ・マジック,みずほ,03/03(木),東M,7793,"1,640-1,740","1,740","1,850","1,840",C,5,"2,190",60,"1.7,8.5,40.7,40.7,8.4","3.3,8.3,21.7,60,6.7","2,800",締切,https://kabu.96ut.com/article/ipo/2022011/
2022,ビーウィズ,みずほ,03/02(水),東1,9216,"1,400-1,700","1,400","1,700","1,316",C,4,"1,629",75,"2.7,0,12.2,24.3,60.8","0,0,2.7,61.3,36","1,320",締切,https://kabu.96ut.com/article/ipo/2022010/
2022,マーキュリーリアルテックイノベーター,SBI,02/25(金),東M,5025,"1,150-1,270","1,270","1,490","1,680",B,6,"1,613",68,"1.5,9,49.3,31.3,8.9","5.9,19.1,33.8,41.2,0","1,355",締切,https://kabu.96ut.com/article/ipo/2022008/
2022,ＢｅｅＸ,大和,02/24(木),東M,4270,"1,370-1,600","1,600","2,500","2,800",B,7,"2,842",63,"7.9,41.3,42.9,6.3,1.6","19,42.9,28.6,9.5,0","3,750",締切,https://kabu.96ut.com/article/ipo/2022009/
2022,ノーザ,野村,02/22(火),JQS,4269,,未,未,-,,,"2,466",15,"6.7,0,40,40,13.3","6.7,0,26.7,60,6.6",-,締切,https://kabu.96ut.com/article/ipo/2022006/
2022,CaSy,SBI,02/22(火),東M,9215,"1,230-1,350","1,350","1,800","1,800",B,7,"1,974",68,"4.4,19.1,45.6,27.9,2.9","7.4,17.6,48.5,26.5,0","2,001",締切,https://kabu.96ut.com/article/ipo/2022007/
2022,エッジテクノロジー,日興,02/17(木),東M,4268,300-350,350,500,500,B,6,643,84,"1.2,8.6,48.1,34.6,7.4","3.6,9.5,11.9,20.2,54.8",694,締切,https://kabu.96ut.com/article/ipo/2022005/
2022,ライトワークス,JTG,02/09(水),東M,4267,"1,900-2,100","2,100","2,800","2,500",B,6,"3,106",66,"4.5,21.2,59.1,13.6,1.5","10.6,21.2,47,21.2,0","3,000",締切,https://kabu.96ut.com/article/ipo/2022004/
2022,ビッグツリーテクノロジー＆コンサルティング,三菱/大和,02/04(金),東M,4266,,未,未,-,,,"4,506",32,"0,6.3,9.4,25,59.3","0,0,5.9,67.6,26.5",-,締切,https://kabu.96ut.com/article/ipo/2022002/
2022,セイファート,みずほ,02/04(金),JQS,9213,"1,060-1,120","1,120","1,450","1,050",C,5,"1,535",76,"2.7,9.3,33.3,49.3,5.3","7.9,18.4,28.9,40.8,3.9","1,030",締切,https://kabu.96ut.com/article/ipo/2022001/
2022,Recovery International,岡三,02/03(木),東M,9214,"2,480-3,060","3,060","3,400","3,120",C,5,"3,367",82,"2.5,7.4,27.2,37,25.9","1.2,9.8,8.5,73.2,7.3","2,640",締切,https://kabu.96ut.com/article/ipo/2022003/
2023,yutori,大和,12/27(水),東G,5892,"2,420-2,520","2,520","2,700","2,520",C,5,"2,671",74,"5.6,2.8,19.7,46.5,25.4","1.4,1.4,6.8,86.5,3.9","2,829",締切,https://kabu.96ut.com/article/ipo/2023104/
2023,ナルネットコミュニケーションズ,みずほ,12/25(月),東G,5870,"870-1,040","1,040","1,000",930,C,4,"1,020",59,"1.8,1.8,3.5,35.1,57.8","0,0,1.7,74.6,23.7",956,締切,https://kabu.96ut.com/article/ipo/2023103/
2023,早稲田学習研究会,野村,12/22(金),東S,5869,910-970,970,"1,000","1,000",C,5,"1,031",77,"1.4,8.2,13.7,60.3,16.4","0,2.6,27.3,70.1,0","1,118",締切,https://kabu.96ut.com/article/ipo/2023102/
2023,ヒューマンテクノロジーズ,みずほ,12/22(金),東G,5621,"940-1,020","1,224","1,224","1,200",C,5,"1,261",77,"1.3,11.8,35.5,40.8,10.5","2.6,20.8,40.3,36.3,0","1,194",締切,https://kabu.96ut.com/article/ipo/2023100/
2023,マーソ,SBI,12/21(木),東G,5619,"2,110-2,260","2,260","2,480","2,079",C,5,"2,620",72,"1.4,11.6,39.1,29,18.8","4.2,11.1,27.8,56.9,0","2,079",締切,https://kabu.96ut.com/article/ipo/2023101/
2023,ナイル,日興/SBI,12/20(水),東G,5618,"1,620-1,680","1,680","1,700","1,650",C,5,"1,750",61,"1.7,1.7,25,41.7,29.9","1.6,3.3,14.8,77,3.3","1,540",締切,https://kabu.96ut.com/article/ipo/2023099/
2023,ロココ,野村,12/20(水),東S,5868,900-940,"1,128","1,300","1,300",B,6,"1,404",70,"2.9,17.4,65.2,11.6,2.9","38.6,51.4,5.7,2.9,1.4","1,100",締切,https://kabu.96ut.com/article/ipo/2023097/
2023,エスネットワークス,SBI,12/19(火),東G,5867,650-730,730,"1,700","1,500",A,8,"1,823",75,"17.6,50,29.7,2.7,0","82.7,13.3,4,0,0","1,956",締切,https://kabu.96ut.com/article/ipo/2023098/
2023,雨風太陽,日興,12/18(月),東G,5616,840-870,"1,044","1,560","1,560",B,7,"1,460",69,"4.4,14.7,63.2,14.7,2.9","24.6,42,20.3,13,0","1,320",締切,https://kabu.96ut.com/article/ipo/2023096/
2023,魁力屋,大和,12/15(金),東S,5891,"1,300-1,400","1,400","2,000","1,800",B,6,"2,081",81,"6.4,21.8,65.4,5.1,1.3","9.9,49.4,28.4,12.3,0","1,822",締切,https://kabu.96ut.com/article/ipo/2023095/
2023,Ｓ＆Ｊ,東海東京,12/15(金),東G,5599,"1,200-1,320","1,320","1,500","1,350",C,5,"1,666",72,"2.9,17.4,39.1,31.9,8.7","2.8,13.9,34.7,48.6,0","1,289",締切,https://kabu.96ut.com/article/ipo/2023094/
2023,アウトルックコンサルティング,日興,12/12(火),東G,5596,"1,700-1,800","1,800","1,800","1,700",C,4,"1,942",60,"1.8,3.6,12.5,51.8,30.3","0,5,1.7,88.3,5","1,656",締切,https://kabu.96ut.com/article/ipo/2023093/
2023,ブルーイノベーション,大和,12/12(火),東G,5597,"1,220-1,320","1,584","2,200","2,600",B,7,"2,286",71,"10.1,17.4,59.4,11.6,1.4","26.8,50.7,12.7,8.5,1.3","2,023",締切,https://kabu.96ut.com/article/ipo/2023092/
2023,ＱＰＳ研究所,日興,12/06(水),東G,5595,380-390,390,780,820,B,7,774,87,"5.9,38.8,45.9,5.9,3.5","44.8,29.9,17.2,5.7,2.3",860,締切,https://kabu.96ut.com/article/ipo/2023091/
2023,アスマーク,SBI,12/04(月),東S,4197,"2,150-2,300","2,300","2,600","2,600",C,5,"2,819",70,"4.8,12.7,33.3,42.9,6.3","2.9,8.6,31.4,57.1,0","2,150",締切,https://kabu.96ut.com/article/ipo/2023090/
2023,バリュークリエーション,SBI,11/22(水),東G,9238,"1,610-1,790","1,790","3,350","2,850",B,7,"3,109",68,"1.5,40.9,43.9,10.6,3","17.6,54.4,14.7,13.2,0","3,090",締切,https://kabu.96ut.com/article/ipo/2023089/
2023,Japan Eyewear Holdings,三菱/大和,11/16(木),東S,5889,"1,330-1,360","1,360","1,360","1,380",C,4,"1,396",70,"2.9,2.9,17.4,34.8,42","0,0,2.6,44.2,53.2","1,271",締切,https://kabu.96ut.com/article/ipo/2023088/
2023,ＤＡＩＷＡＣＹＣＬＥ,三菱,11/08(水),東G,5888,"1,530-1,610","1,610","1,870","1,870",C,5,"1,957",66,"3.1,9.4,43.8,37.5,6.2","3,6.1,36.4,51.5,3","1,800",締切,https://kabu.96ut.com/article/ipo/2023087/
2023,ドリーム・アーツ,みずほ,10/27(金),東G,4811,"2,340-2,660","2,660","4,000","3,192",B,7,"4,418",69,"14.7,32.4,45.6,5.9,1.4","17.4,40.6,33.3,8.7,0","3,005",締切,https://kabu.96ut.com/article/ipo/2023085/
2023,笑美面,SBI,10/26(木),東G,9237,"1,140-1,240","1,240","1,860","1,860",B,6,"1,893",69,"9.2,18.5,66.2,3.1,3","15.9,53.6,23.2,4.3,2.9","1,801",締切,https://kabu.96ut.com/article/ipo/2023083/
2023,全保連,三菱,10/25(水),東S,5845,560-600,600,630,630,C,5,654,69,"4.4,0,22.1,50,23.5","2.9,1.4,1.4,82.6,11.6",580,締切,https://kabu.96ut.com/article/ipo/2023086/
2023,KOKUSAI ELECTRIC,野村/日興,10/25(水),東P,6525,"1,830-1,840","1,840","1,850","1,860",C,4,"1,872",75,"1.4,5.6,13.9,37.5,41.6","0,2.7,1.3,89.3,6.7","2,116",締切,https://kabu.96ut.com/article/ipo/2023084/
2023,ジャパンＭ＆Ａソリューション,SBI,10/24(火),東G,9236,"1,200-1,340","1,340","3,000","2,010",A,8,"3,310",85,"22,56.1,19.5,1.2,1.2","83.5,12.9,2.4,0,1.2","2,250",締切,https://kabu.96ut.com/article/ipo/2023082/
2023,売れるネット広告社,東海東京,10/23(月),東G,9235,830-910,910,870,837,D,3,873,64,"0,0,8.2,26.2,65.6","0,0,1.6,64.1,34.3",837,締切,https://kabu.96ut.com/article/ipo/2023081/
2023,ケイファーマ,SBI,10/17(火),東G,4896,"900-1,040",950,"1,200",900,C,4,"1,096",77,"1.4,5.4,20.3,48.6,24.3","0,2.6,14.3,80.5,2.6",875,締切,https://kabu.96ut.com/article/ipo/2023080/
2023,成友興業,SBI,10/13(金),名M,9170,"2,200-2,430","2,300","2,200","2,200",D,3,"2,275",63,"1.7,1.7,6.7,20,69.9","1.6,0,3.2,82.5,12.7","2,116",締切,https://kabu.96ut.com/article/ipo/2023079/
2023,Earth Technology Group,野村,10/06(金),東G,9333,,未,未,-,,,"2,450",18,"5.9,5.9,41.2,17.6,29.4","5.6,16.7,0,61.1,16.6",-,締切,https://kabu.96ut.com/article/ipo/2023078/
2023,キャスター,大和,10/04(水),東G,9331,720-760,760,"1,750","1,750",B,7,"1,929",68,"20.9,35.8,34.3,7.5,1.5","80.9,14.7,4.4,0,0","2,319",締切,https://kabu.96ut.com/article/ipo/2023076/
2023,くすりの窓口,SBI,10/04(水),東G,5592,"1,600-1,700","1,700","2,200","1,700",B,6,"2,491",108,"14.4,21.2,42.3,16.3,5.8","12,29.6,27.8,29.6,0.9","1,580",締切,https://kabu.96ut.com/article/ipo/2023075/
2023,西部技研,日興,10/03(火),東S,6223,"2,500-2,600","2,600","2,800","2,600",C,5,"2,957",59,"1.7,8.6,20.7,39.7,29.3","3.1,3.1,0,60.9,32.8","2,687",締切,https://kabu.96ut.com/article/ipo/2023077/
2023,ニッポンインシュア,野村,10/03(火),東S,5843,790-810,810,"1,150","1,150",B,6,"1,225",69,"11.8,13.2,58.8,16.2,0","11.6,34.8,46.4,7.2,0","1,005",締切,https://kabu.96ut.com/article/ipo/2023074/
2023,オカムラ食品工業,野村,09/27(水),東S,2938,"1,600-1,680","1,680","2,000","1,800",C,5,"2,099",62,"3.3,6.6,54.1,29.5,6.5","1.6,9.7,35.5,50,3.2","2,564",締切,https://kabu.96ut.com/article/ipo/2023073/
2023,ＡＶＩＬＥＮ,大和,09/27(水),東G,5591,"2,000-2,120","2,120","3,180","3,100",B,7,"3,799",73,"15.3,41.7,40.3,1.4,1.3","37,54.8,6.8,1.4,0","2,482",締切,https://kabu.96ut.com/article/ipo/2023070/
2023,オートサーバー,SBI,09/26(火),東S,5589,"2,400-2,670","2,670","2,500","2,456",D,3,"2,552",64,"1.6,1.6,6.3,25.4,65.1","1.6,0,4.7,82.8,10.9","2,280",締切,https://kabu.96ut.com/article/ipo/2023071/
2023,ネットスターズ,大和/日興,09/26(火),東G,5590,"1,420-1,450","1,450","1,350","1,334",C,4,"1,760",63,"7.9,7.9,25.4,30.2,28.6","1.6,7.9,11.1,54,25.4","1,334",締切,https://kabu.96ut.com/article/ipo/2023072/
2023,ジェイ・イー・ティ,SBI,09/25(月),東S,6228,"4,300-4,630","4,630","5,100","4,700",C,5,"5,116",78,"3.9,11.8,27.6,35.5,21.1","1.3,0,19.2,79.5,0","4,420",締切,https://kabu.96ut.com/article/ipo/2023069/
2023,ファーストアカウンティング,大和,09/22(金),東G,5588,"1,120-1,320","1,320","2,250","2,640",A,8,"2,484",73,"11,52.1,32.9,2.7,1.3","63,32.9,2.7,0,1.4","2,354",締切,https://kabu.96ut.com/article/ipo/2023068/
2023,笹徳印刷,東海東京,09/22(金),東S,3958,580-600,600,580,600,C,4,669,70,"2.9,1.4,12.9,42.9,39.9","1.4,1.4,5.7,75.7,15.7",680,締切,https://kabu.96ut.com/article/ipo/2023067/
2023,揚羽,岡三,09/21(木),東G,9330,"1,340-1,400","1,400","1,700","1,700",C,5,"1,724",74,"5.4,13.5,37.8,29.7,13.5","5.4,12.2,35.1,40.5,6.8","1,490",締切,https://kabu.96ut.com/article/ipo/2023065/
2023,インテグラル,大和/野村,09/20(水),東G,5842,"2,300-2,400","2,400","2,300","2,232",D,3,"2,630",71,"1.4,2.9,13,27.5,55.1","2.8,0,0,40.3,56.9","2,400",締切,https://kabu.96ut.com/article/ipo/2023066/
2023,ＣｈｏｒｄｉａＴｈｅｒａｐｅｕｔｉｃｓ,野村,09/15(金),東G,4895,,未,未,-,,,171,32,"3.1,9.4,25,43.8,18.7","2.9,8.8,17.6,55.9,14.7",-,締切,https://kabu.96ut.com/article/ipo/2023064/
2023,ライズ・コンサルティング・グループ,野村,09/12(火),東G,9168,800-850,850,810,790,D,3,809,77,"3.9,1.3,11.7,24.7,58.4","5.1,1.3,1.3,82.1,10.2",850,締切,https://kabu.96ut.com/article/ipo/2023063/
2023,インバウンドプラットフォーム,SBI,08/30(水),東G,5587,"1,750-1,850","1,850","2,775","3,050",B,6,"3,043",91,"7.7,38.5,46.2,6.6,1","28.6,38.5,24.2,8.7,0","2,551",締切,https://kabu.96ut.com/article/ipo/2023062/
2023,ＪＲＣ,日興/みずほ,08/09(水),東G,6224,"1,000-1,110","1,110","1,180","1,120",C,4,"1,200",83,"2.4,8.4,19.3,33.7,36.1","1.2,9.6,24.1,62.7,2.4","1,022",締切,https://kabu.96ut.com/article/ipo/2023061/
2023,Laboro.AI,日興,07/31(月),東G,5586,525-580,580,"2,000","1,660",A,8,"2,205",90,"22.7,64.8,10.2,2.3,0","96.7,2.2,1.1,0,0","1,195",締切,https://kabu.96ut.com/article/ipo/2023060/
2023,GENDA,SBI/日興,07/28(金),東G,9166,"1,740-1,770","1,770","1,880","1,800",C,4,"1,923",102,"4,8.9,21.8,40.6,24.7","1,2,17.6,76.5,2.9","1,637",締切,https://kabu.96ut.com/article/ipo/2023059/
2023,クオルテック,野村,07/28(金),東G,9165,"2,400-2,540","2,540","2,780","2,600",C,4,"2,712",65,"1.5,4.6,23.1,47.7,23.1","0,1.5,12.3,83.1,3.1","2,336",締切,https://kabu.96ut.com/article/ipo/2023058/
2023,エコナビスタ,みずほ,07/26(水),東G,5585,"1,180-1,300","1,300","4,320","3,900",A,9,"4,630",87,"39.1,48.3,11.5,1.1,0","96.6,2.3,1.1,0,0","3,300",締切,https://kabu.96ut.com/article/ipo/2023057/
2023,テクニスコ,野村,07/26(水),東S,2962,510-560,560,750,880,B,6,897,62,"4.8,8.1,74.2,9.7,3.2","46.8,41.9,6.5,3.2,1.6",914,締切,https://kabu.96ut.com/article/ipo/2023056/
2023,フラー,SBI,07/25(火),東G,5583,"1,100-1,320","1,320","3,000",-,A,8,"3,325",76,"16,60,21.3,1.3,1.3","90.8,5.3,0,3.9,0",-,締切,https://kabu.96ut.com/article/ipo/2023053/
2023,トライト,日興/三菱,07/24(月),東G,9164,"1,100-1,300","1,200","1,400","1,134",C,4,"1,332",113,"1.8,0.9,16.1,32.1,49.1","0.9,0.9,1.8,46.9,49.5","1,133",締切,https://kabu.96ut.com/article/ipo/2023055/
2023,ホロスホールディングス,日興,07/21(金),東S,5839,"1,710-1,840",未,"1,950",-,C,4,"1,870",62,"1.6,0,23,47.5,27.9","0,1.6,9.7,85.5,3.2",-,締切,https://kabu.96ut.com/article/ipo/2023052/
2023,ナレルグループ,大和,07/21(金),東G,9163,"2,560-2,690","2,690","2,900","3,000",C,4,"3,030",95,"2.2,5.4,31.5,51.1,9.8","3.2,3.2,22.1,68.4,3.1","2,540",締切,https://kabu.96ut.com/article/ipo/2023054/
2023,グリッド,野村,07/07(金),東G,5582,"2,000-2,140","2,140","4,920","6,500",B,7,"5,919",82,"25.6,42.3,29.5,2.6,0","81.7,12.2,4.9,1.2,0","6,400",締切,https://kabu.96ut.com/article/ipo/2023051/
2023,ブリーチ,日興/野村,07/05(水),東G,9162,"1,250-1,340","1,340","2,050","2,050",B,7,"2,126",87,"4.8,26.2,53.6,13.1,2.3","26.4,37.9,28.7,5.7,1.1","1,603",締切,https://kabu.96ut.com/article/ipo/2023050/
2023,ＡｅｒｏＥｄｇｅ,みずほ,07/04(火),東G,7409,"1,460-1,690","1,690","3,000","3,900",B,7,"3,001",70,"6,28.4,59.7,4.5,1.4","47.1,37.1,11.4,2.9,1.4","5,860",締切,https://kabu.96ut.com/article/ipo/2023049/
2023,クラダシ,大和,06/30(金),東G,5884,500-520,520,670,680,C,5,805,72,"2.9,11.6,49.3,31.9,4.3","25,22.2,34.7,18.1,0",800,締切,https://kabu.96ut.com/article/ipo/2023044/
2023,ジーデップ・アドバンス,みずほ,06/30(金),東S,5885,"4,170-4,510","4,510","7,200","7,200",B,7,"7,733",68,"18.2,36.4,39.4,6,0","35.3,41.2,19.1,4.4,0","10,680",締切,https://kabu.96ut.com/article/ipo/2023045/
2023,ノバレーゼ,野村,06/30(金),東S,9160,550-600,600,570,570,D,3,620,71,"0,1.4,20,28.6,50","4.2,2.8,14.1,78.9,0",590,締切,https://kabu.96ut.com/article/ipo/2023046/
2023,ＷＴＯＫＹＯ,野村,06/29(木),東G,9159,"2,870-3,000","3,000","7,000","7,000",A,8,"8,091",83,"38.8,45,13.8,2.4,0","90.4,7.2,1.2,1.2,0","7,000",締切,https://kabu.96ut.com/article/ipo/2023047/
2023,プロディライト,野村,06/28(水),東G,5580,"1,400-1,440","1,440","3,000","3,350",B,7,"2,826",57,"3.6,34.5,58.2,3.6,0","56.1,36.8,5.3,1.8,0","3,005",締切,https://kabu.96ut.com/article/ipo/2023042/
2023,ノイルイミューン・バイオテック,日興,06/28(水),東G,4893,700-740,740,700,700,D,3,759,59,"0,1.8,16.1,37.5,44.6","0,1.7,13.6,84.7,0",695,締切,https://kabu.96ut.com/article/ipo/2023043/
2023,クオリプス,野村,06/27(火),東G,4894,"1,400-1,560","1,560","1,800","1,940",C,4,"1,818",73,"2.8,1.4,33.3,52.8,9.7","1.4,2.7,21.9,74,0","1,680",締切,https://kabu.96ut.com/article/ipo/2023040/
2023,エリッツホールディングス,みずほ,06/27(火),東S,5533,"1,420-1,580","1,580","1,770","1,980",C,5,"2,002",57,"1.8,10.5,45.6,38.6,3.5","3.5,8.8,40.4,47.3,0","2,000",締切,https://kabu.96ut.com/article/ipo/2023039/
2023,GSI,岡三,06/27(火),札証,5579,"1,300-1,350","1,350","1,400","1,500",C,4,"1,521",64,"3.1,3.1,21.9,50,21.9","3.1,6.3,15.6,75,0","1,242",締切,https://kabu.96ut.com/article/ipo/2023041/
2023,ＱＬＳホールディングス,JTG,06/26(月),名N,7075,590-650,650,720,720,C,4,728,59,"1.8,3.5,26.3,40.4,28","0,5.1,18.6,76.3,0",800,締切,https://kabu.96ut.com/article/ipo/2023048/
2023,ブリッジコンサルティンググループ,SBI,06/26(月),東G,9225,"1,150-1,300","1,300","3,500","5,500",A,8,"3,948",61,"35.6,47.5,13.6,3.3,0","95.1,3.3,0,1.6,0","4,110",締切,https://kabu.96ut.com/article/ipo/2023034/
2023,ＡＲアドバンストテクノロジ,みずほ,06/23(金),東G,5578,"1,080-1,260","1,260","2,900","4,050",A,8,"3,398",67,"22.7,56.1,19.7,1.5,0","89.6,3,7.4,0,0","3,950",締切,https://kabu.96ut.com/article/ipo/2023035/
2023,アイデミー,みずほ/SBI,06/22(木),東G,5577,"810-1,050","1,050","2,600","4,500",A,8,"3,483",79,"33.8,54.5,10.4,1.3,0","97.5,1.3,0,1.2,0","5,560",締切,https://kabu.96ut.com/article/ipo/2023037/
2023,リアルゲイト,大和,06/22(木),東G,5532,"1,700-1,790","1,790","2,300","2,800",C,5,"2,244",67,"4.6,7.7,52.3,33.8,1.5","1.5,7.5,49.3,41.7,0","3,810",締切,https://kabu.96ut.com/article/ipo/2023036/
2023,シーユーシー,三菱/みずほ,06/21(水),東G,9158,"1,800-1,920","1,920","2,270","2,500",C,5,"2,512",98,"10.4,13.5,60.4,12.5,3.1","7.1,33.7,44.9,14.3,0","4,430",締切,https://kabu.96ut.com/article/ipo/2023033/
2023,オービーシステム,日興,06/21(水),東S,5576,"1,510-1,710","1,710","2,340","2,500",B,6,"2,454",59,"6.8,13.6,71.2,8.4,0","3.4,28.8,55.9,11.9,0","3,010",締切,https://kabu.96ut.com/article/ipo/2023038/
2023,Globee,大和,06/14(水),東G,5575,"1,080-1,150","1,150","2,500","2,900",A,8,"2,737",80,"13.3,57.3,26.7,2.7,0","80,15,2.5,2.5,0","2,666",締切,https://kabu.96ut.com/article/ipo/2023032/
2023,ＡＢＥＪＡ,野村,06/13(火),東G,5574,"1,450-1,550","1,550","4,000","4,500",A,8,"4,417",92,"28.4,60.2,9.1,1.1,1.1","96.7,1.1,2.2,0,0","4,980",締切,https://kabu.96ut.com/article/ipo/2023031/
2023,スタジアム,SBI,04/26(水),東G,9157,"2,370-2,570","2,570","6,000",-,B,7,"5,708",83,"20.7,48.8,24.4,3.7,2.4","75.9,16.9,2.4,4.8,0",-,締切,https://kabu.96ut.com/article/ipo/2023030/
2023,Ridge-i,日興,04/26(水),東G,5572,"1,600-1,750","1,750","4,500","5,300",A,8,"5,119",90,"28.9,53.3,13.3,3.3,1.1","90,3.3,3.3,2.2,1.1","4,445",締切,https://kabu.96ut.com/article/ipo/2023029/
2023,レオス・キャピタルワークス,大和/SBI,04/25(火),東G,7330,"1,100-1,300","1,300","1,350","1,330",C,4,"1,401",80,"2.6,3.8,21.8,39.7,32.1","3.8,0,11.3,78.8,6.1","1,730",締切,https://kabu.96ut.com/article/ipo/2023028/
2023,楽天銀行,大和/三菱,04/21(金),東P,5838,"1,300-1,400","1,400","1,480","1,820",C,4,"1,509",146,"3.5,7.1,23.4,31.2,34.8","1.4,0.7,0,54.1,43.8","1,856",締切,https://kabu.96ut.com/article/ipo/2023027/
2023,南海化学,日興,04/20(木),東S,4040,"1,660-1,740","1,740","1,800","1,800",C,4,"1,918",68,"1.5,3,29.9,53.7,11.9","1.5,2.9,19.1,75,1.5","2,533",締切,https://kabu.96ut.com/article/ipo/2023026/
2023,エキサイトホールディングス,みずほ/大和,04/19(水),東S,5571,"1,220-1,340","1,340","1,650","1,600",B,6,"1,895",67,"7.5,9,61.2,20.9,1.4","7.5,20.9,47.8,23.8,0","1,700",締切,https://kabu.96ut.com/article/ipo/2023025/
2023,ジェノバ,大和,04/18(火),東G,5570,450-470,470,"1,645","1,520",A,9,"2,126",77,"24.7,58.4,14.3,2.6,0","93.5,3.9,0,1.3,1.3","2,106",締切,https://kabu.96ut.com/article/ipo/2023023/
2023,日本システムバンク,岡三,04/14(金),名M,5530,"1,800-1,880","1,880","1,980","1,900",C,5,"3,263",107,"21.5,19.6,20.6,26.2,12.1","37.4,8.4,12.1,40.2,1.9","1,700",締切,https://kabu.96ut.com/article/ipo/2023024/
2023,トライアルホールディングス,大和/三菱,04/12(水),東G,5882,"1,800-2,000",未,"2,200",-,C,5,"2,200",64,"3.1,6.3,34.4,40.6,15.6","6.3,0,7.8,84.4,1.5",-,締切,https://kabu.96ut.com/article/ipo/2023020/
2023,ｉｓｐａｃｅ,日興,04/12(水),東G,9348,234-254,254,600,"1,170",A,8,843,101,"29.7,26.7,30.7,9.9,3","69.3,9.9,13.9,5,1.9","1,000",締切,https://kabu.96ut.com/article/ipo/2023021/
2023,キタムラ・ホールディングス,野村/日興,04/11(火),東P,9349,,未,未,-,,,"1,338",14,"0,0,33.3,16.7,50","0,7.1,7.1,85.7,0",-,締切,https://kabu.96ut.com/article/ipo/2023022/
2023,トランザクション・メディア・ネットワークス,野村,04/04(火),東G,5258,880-930,930,"1,200","1,500",B,7,"1,332",80,"3.8,20,53.8,17.5,4.9","11.3,33.8,37.5,16.3,1.1","1,388",締切,https://kabu.96ut.com/article/ipo/2023015/
2023,ココルポート,みずほ,03/31(金),東G,9346,"3,100-3,150","3,150","3,180","3,310",C,5,"3,429",60,"3.4,5.1,37.3,40.7,13.5","1.7,3.3,20,70,5","4,135",締切,https://kabu.96ut.com/article/ipo/2023013/
2023,エコム,東海東京,03/31(金),名M,6225,"1,600-1,680","1,680","1,650","1,545",C,4,"1,638",59,"1.8,1.8,10.5,29.8,56.1","0,3.4,3.4,81.4,11.8","1,714",締切,https://kabu.96ut.com/article/ipo/2023017/
2023,Ｆｕｓｉｃ,SBI,03/31(金),東G,5256,"1,830-2,000","2,000","4,600","5,100",A,8,"4,880",69,"28.4,46.3,22.4,2.9,0","89.9,4.3,4.3,1.4,0","6,530",締切,https://kabu.96ut.com/article/ipo/2023012/
2023,ビズメイツ,みずほ,03/30(木),東G,9345,"3,100-3,250","3,250","5,500","5,500",A,8,"5,977",64,"19,50.8,25.4,1.6,3.2","34.4,54.7,6.3,3.1,1.5","5,310",締切,https://kabu.96ut.com/article/ipo/2023010/
2023,ノバシステム,みずほ,03/30(木),東S,5257,"1,660-1,700","1,700","2,300","2,300",B,7,"2,622",59,"5.2,20.7,65.5,5.2,3.4","18.6,39,33.9,5.1,3.4","2,565",締切,https://kabu.96ut.com/article/ipo/2023016/
2023,ノイルイミューン・バイオテック,日興,03/29(水),東G,4893,720-800,未,850,-,C,5,837,55,"1.9,7.5,17,43.4,30.2","1.8,5.5,21.8,61.8,9.1",-,締切,https://kabu.96ut.com/article/ipo/2023011/
2023,AnyMind Group,みずほ,03/29(水),東G,5027,"970-1,000","1,000","1,050","1,200",C,4,"1,258",112,"6.3,24.3,22.5,28.8,18","3.6,22.3,25.9,43.8,4.4","1,000",締切,https://kabu.96ut.com/article/ipo/2023018/
2023,住信SBIネット銀行,野村/SBI/大和,03/29(水),東S,7163,"1,200-1,260","1,200","1,260","1,210",C,4,"1,273",139,"2.3,5.3,19.7,31.8,40.9","0.7,5,3.6,80.6,10.1","1,222",締切,https://kabu.96ut.com/article/ipo/2023019/
2023,モンスターラボホールディングス,大和,03/28(火),東G,5255,660-720,720,"1,080","1,150",B,6,"1,099",69,"2.9,25,52.9,16.2,2.9","17.4,59.4,17.4,4.3,1.4","1,050",締切,https://kabu.96ut.com/article/ipo/2023014/
2023,アクシスコンサルティング,野村,03/28(火),東G,9344,"1,800-1,950","1,950","2,500","2,500",B,6,"2,706",58,"8.9,23.2,53.6,10.7,3.6","12.1,51.7,29.3,3.4,3.4","3,030",締切,https://kabu.96ut.com/article/ipo/2023009/
2023,Ａｒｅｎｔ,みずほ,03/28(火),東G,5254,"1,140-1,440","1,440","1,700","1,650",C,5,"1,787",71,"1.4,7,32.4,36.6,22.5","0,6.9,13.9,56.9,22.2","1,802",締切,https://kabu.96ut.com/article/ipo/2023008/
2023,カバー,みずほ/三菱,03/27(月),東G,5253,710-750,750,"1,180","1,300",B,7,"1,517",104,"10.9,43.6,37.6,5,2.9","54.8,30.8,7.7,4.8,1.9","1,750",締切,https://kabu.96ut.com/article/ipo/2023006/
2023,ハルメクホールディングス,みずほ/大和,03/23(木),東G,7119,"1,550-1,720","1,720","1,890","1,890",C,5,"2,228",85,"6.1,25.6,37.8,26.8,3.7","7.1,27.1,44.7,20,1.1","1,981",締切,https://kabu.96ut.com/article/ipo/2023003/
2023,日本ナレッジ,SBI,03/23(木),東G,5252,"1,350-1,500","1,500","4,800","4,500",A,8,"4,742",102,"30.2,57.3,9.4,2.1,1","93.1,3.9,2,0,1","3,750",締切,https://kabu.96ut.com/article/ipo/2023004/
2023,アイビス,東海東京,03/23(木),東G,9343,670-730,730,"1,700","1,650",A,8,"1,818",76,"13.5,58.1,21.6,2.7,4.1","84.2,9.2,3.9,0,2.6","2,121",締切,https://kabu.96ut.com/article/ipo/2023007/
2023,ＳＨＩＮＫＯ,大和,03/22(水),東S,7120,"2,060-2,200","2,200","2,350","2,350",C,5,"2,576",71,"4.5,9,49.3,34.3,2.9","1.4,9.9,46.5,40.8,1.4","2,250",締切,https://kabu.96ut.com/article/ipo/2023005/
2023,プライム・ストラテジー,SBI,02/22(水),東S,5250,"1,250-1,390","1,390","3,800","4,000",A,8,"4,193",131,"32.8,55.5,9.4,2.3,0","93.1,3.1,1.5,2.3,0","3,130",締切,https://kabu.96ut.com/article/ipo/2023002/
2023,テクノロジーズ,東洋,01/26(木),東G,5248,"900-1,000","1,000","3,600","3,600",A,8,"3,670",88,"32.6,55.8,10.5,1.1,0","96.6,3.4,0,0,0","3,650",締切,https://kabu.96ut.com/article/ipo/2023001/
2024,ビースタイルホールディングス,日興,12/27(金),東G,302A,"1,980-2,070","2,070","2,500","3,000",B,6,"2,538",49,"2.1,17,72.3,6.4,2.1","0,14.3,55.1,30.6,0","3,325",締切,https://kabu.96ut.com/article/ipo/2024084/
2024,ｖｉｓｕｍｏ,大和,12/26(木),東G,303A,750-770,770,"1,150","1,100",B,7,"1,249",45,"6.7,17.8,75.5,0,0","8.9,60,31.1,0,0","1,036",締切,https://kabu.96ut.com/article/ipo/2024087/
2024,フォルシア,野村,12/26(木),東G,304A,"1,700-1,750","1,750","2,780","2,580",B,7,"2,590",39,"5.1,33.3,56.4,5.1,0","10.3,41,28.2,20.5,0","3,640",締切,https://kabu.96ut.com/article/ipo/2024085/
2024,ＧＶＡＴＥＣＨ,みずほ,12/26(木),東G,298A,590-690,690,730,700,C,5,761,41,"2.5,0,32.5,30,35","0,0,9.8,85.4,4.8",700,締切,https://kabu.96ut.com/article/ipo/2024080/
2024,MIC,野村,12/25(水),東S,300A,900-960,960,950,930,C,4,953,44,"2.4,0,19,54.8,23.8","0,2.3,4.5,90.9,2.3",960,締切,https://kabu.96ut.com/article/ipo/2024082/
2024,アルピコホールディングス,みずほ,12/25(水),東S,297A,173-191,191,215,200,C,5,238,67,"1.6,15.6,37.5,43.8,1.5","0,7.5,17.9,74.6,0",201,締切,https://kabu.96ut.com/article/ipo/2024081/
2024,日本オーエー研究所,JTG,12/23(月),名N,5241,510-550,550,530,530,C,4,549,43,"2.4,7.1,11.9,33.3,45.2","0,0,9.3,88.4,2.3",600,締切,https://kabu.96ut.com/article/ipo/2024079/
2024,令和アカウンティング・ホールディングス,大和,12/23(月),東G,296A,320-360,360,540,530,B,6,591,56,"5.5,27.3,61.8,5.4,0","23.2,67.9,8.9,0,0",521,締切,https://kabu.96ut.com/article/ipo/2024078/
2024,dely,三菱/大和,12/19(木),東G,299A,"1,170-1,200","1,200","1,250","1,200",C,4,"1,171",47,"2.1,4.3,14.9,44.7,34","0,2.1,0,97.9,0","1,001",締切,https://kabu.96ut.com/article/ipo/2024083/
2024,Synspective,野村,12/19(木),東G,290A,460-480,480,780,780,B,7,935,54,"19.2,25,50,3.8,1.9","40.7,50,5.6,1.9,1.8",736,締切,https://kabu.96ut.com/article/ipo/2024076/
2024,キオクシアホールディングス,三菱/野村/メリル/日興/みずほ/大和,12/18(水),東P,285A,"1,390-1,520","1,455","1,500","1,390",D,3,"1,460",92,"2.2,5.6,14.6,33.7,43.8","2.2,1.1,6.5,86,4.2","1,440",締切,https://kabu.96ut.com/article/ipo/2024086/
2024,リスキル,SBI,12/17(火),東G,291A,"3,590-3,730","3,730","4,300","4,500",B,6,"4,717",68,"7.6,24.2,56.1,10.6,1.5","0,19.1,47.1,33.8,0","4,840",締切,https://kabu.96ut.com/article/ipo/2024077/
2024,ファイントゥデイホールディングス,大和,12/17(火),東P,289A,,未,未,-,,,"2,225",27,"0,18.5,22.2,40.7,18.5","0,0,3.7,96.3,0",-,締切,https://kabu.96ut.com/article/ipo/2024075/
2024,黒田グループ,日興/野村,12/17(火),東S,287A,640-700,700,800,880,C,4,813,70,"4.5,10.4,31.3,35.8,17.9","2.8,16.9,32.4,43.7,4.2",885,締切,https://kabu.96ut.com/article/ipo/2024073/
2024,ラクサス・テクノロジーズ,みずほ,12/13(金),東G,288A,272-281,281,480,450,A,8,576,63,"14.3,38.1,42.9,1.6,3.1","42.9,34.9,15.9,4.8,1.5",426,締切,https://kabu.96ut.com/article/ipo/2024074/
2024,ユカリア,SBI/三菱/MS,12/12(木),東G,286A,"1,020-1,060","1,060","1,100","1,100",C,5,"1,102",80,"1.3,3.8,23.1,55.1,16.7","0,1.3,15,83.7,0",975,締切,https://kabu.96ut.com/article/ipo/2024072/
2024,インフォメティス,みずほ,12/09(月),東G,281A,"890-1,080","1,080","1,100","1,050",C,4,"1,082",52,"2,3.9,9.8,51,33.3","0,1.9,1.9,96.2,0",993,締切,https://kabu.96ut.com/article/ipo/2024071/
2024,ＴＭＨ,SBI,12/04(水),東G,280A,"1,400-1,500","1,500","2,000","2,250",B,6,"2,062",75,"4.1,21.9,58.9,13.7,1.4","4,22.7,57.3,14.7,1.3","2,128",締切,https://kabu.96ut.com/article/ipo/2024070/
2024,Terra Drone,日興,11/29(金),東G,278A,"2,250-2,450","2,350","2,550","2,162",C,4,"2,419",56,"1.8,3.6,16.1,53.6,24.9","0,1.8,7.1,89.3,1.8","2,162",締切,https://kabu.96ut.com/article/ipo/2024069/
2024,グロービング,三菱/MS/大和,11/29(金),東G,277A,"4,330-4,530","4,530","5,000","5,000",C,5,"5,441",69,"11.6,17.4,44.9,17.4,8.7","10.1,13,44.9,30.4,1.4","5,600",締切,https://kabu.96ut.com/article/ipo/2024068/
2024,ククレブ・アドバイザーズ,みずほ,11/28(木),東G,276A,890-950,950,"1,300","1,235",B,6,"1,443",59,"1.7,16.9,72.9,5.1,3.4","1.7,25.4,52.5,18.6,1.7","1,250",締切,https://kabu.96ut.com/article/ipo/2024067/
2024,ガーデン,東海東京,11/22(金),東S,274A,"3,100-3,200","3,200","3,380","3,350",C,5,"3,369",76,"4.1,10.8,21.6,55.4,8.1","2.6,2.6,10.5,84.2,0","3,060",締切,https://kabu.96ut.com/article/ipo/2024066/
2024,Sapeet,日興,10/29(火),東G,269A,"1,450-1,500","1,500","2,700","2,280",B,7,"2,418",57,"3.8,34,56.6,3.8,1.8","17.5,50.9,24.6,7,0","2,285",締切,https://kabu.96ut.com/article/ipo/2024065/
2024,Ｈｍｃｏｍｍ,日興,10/28(月),東G,265A,800-850,850,"1,300","1,275",B,7,"1,327",59,"1.7,27.6,65.5,5.2,0","11.9,45.8,30.5,11.8,0","1,128",締切,https://kabu.96ut.com/article/ipo/2024062/
2024,リガク・ホールディングス,野村/三菱,10/25(金),東P,268A,"1,230-1,260","1,260","1,230","1,230",D,3,"1,306",89,"1.3,2.5,21.3,31.3,43.6","4.5,3.4,5.6,82,4.5","1,205",締切,https://kabu.96ut.com/article/ipo/2024063/
2024,東京地下鉄,野村/みずほ/GS/三菱,10/23(水),東P,9023,"1,100-1,200","1,200","1,450","1,650",B,6,"1,570",238,"11.5,41.2,42.5,4,0.8","2.5,23.9,63.4,10.1,0","1,630",締切,https://kabu.96ut.com/article/ipo/2024064/
2024,Ｓｃｈｏｏ,野村,10/22(火),東G,264A,630-690,690,750,828,C,5,806,71,"5.7,4.3,48.6,32.9,8.5","1.4,28.2,52.1,18.3,0",761,締切,https://kabu.96ut.com/article/ipo/2024061/
2024,伸和ホールディングス,藍澤,10/21(月),札ア,7118,"1,400-1,650","1,650","1,550","1,480",D,3,"1,563",57,"1.8,0,7,31.6,59.6","0,0,1.7,94.8,3.4","1,530",締切,https://kabu.96ut.com/article/ipo/2024060/
2024,インターメスティック,日興,10/18(金),東P,262A,"1,500-1,630","1,630","1,800","2,000",C,5,"2,009",78,"6.8,25.7,41.9,18.9,6.7","2.6,21.8,48.7,24.4,2.5","2,038",締切,https://kabu.96ut.com/article/ipo/2024059/
2024,日水コン,野村,10/16(水),東S,261A,"1,320-1,430","1,430","1,400","1,330",D,3,"1,373",56,"1.8,0,9.1,34.5,54.5","0,0,1.8,94.6,3.6","1,341",締切,https://kabu.96ut.com/article/ipo/2024058/
2024,オルツ,大和,10/11(金),東G,260A,510-540,540,700,650,C,5,758,87,"14.1,16.5,37.6,21.2,10.6","6.9,29.9,36.8,20.7,5.7",570,締切,https://kabu.96ut.com/article/ipo/2024057/
2024,ケイ・ウノ,岡三,10/08(火),名N,259A,"2,100-2,320","2,320","2,300","2,134",D,3,"2,251",42,"2.4,4.8,4.8,33.3,54.7","0,0,4.8,92.9,2.3","2,134",締切,https://kabu.96ut.com/article/ipo/2024056/
2024,シマダヤ,大和,10/01(火),東S,250A,"1,620-1,880","1,880","1,880","1,730",C,4,"1,895",47,"2.2,2.2,15.2,45.7,34.7","0,0,4.3,93.6,2.1","1,760",締切,https://kabu.96ut.com/article/ipo/2024055/
2024,Aiロボティクス,SBI,09/27(金),東G,247A,"1,670-1,760","1,760","2,000","2,000",C,5,"2,214",69,"2.9,23.5,48.5,19.1,5.9","4.3,20.3,46.4,29,0","2,514",締切,https://kabu.96ut.com/article/ipo/2024052/
2024,キッズスター,岡三,09/26(木),東G,248A,"2,100-2,560","2,560","2,660","2,356",C,5,"2,706",49,"4.4,4.4,20,51.1,20","0,4.1,8.2,83.7,4","2,210",締切,https://kabu.96ut.com/article/ipo/2024054/
2024,アスア,東海東京,09/26(木),東G,246A,630-680,680,945,945,B,6,973,47,"4.3,8.5,66,19.1,2.1","8.5,40.4,36.2,14.9,0","1,004",締切,https://kabu.96ut.com/article/ipo/2024053/
2024,ＩＮＧＳ,日興,09/26(木),東G,245A,"1,770-1,940","1,940","2,500","2,700",B,7,"2,442",44,"2.3,14,76.7,4.7,2.3","0,27.3,52.3,20.4,0","2,700",締切,https://kabu.96ut.com/article/ipo/2024051/
2024,グロースエクスパートナーズ,野村,09/26(木),東G,244A,"1,480-1,530","1,530","2,050","1,980",B,7,"2,052",47,"2.2,10.9,78.3,8.6,0","6.4,53.2,34,4.3,2.1","1,841",締切,https://kabu.96ut.com/article/ipo/2024050/
2024,ROXX,みずほ,09/25(水),東G,241A,"1,840-2,110","2,110","2,100","2,100",C,4,"2,260",81,"7.6,24.1,13.9,27.8,26.6","0,2.5,12.3,84,1.2","1,941",締切,https://kabu.96ut.com/article/ipo/2024048/
2024,リプライオリティ,JTG,09/25(水),福Q,242A,"1,420-1,520","1,520","1,600","1,560",C,5,"1,597",50,"2,0,28,46,24","0,0,10,90,0","1,398",締切,https://kabu.96ut.com/article/ipo/2024049/
2024,ＣｒｏｓｓＥホールディングス,JTG,08/29(木),福Q,231A,"1,100-1,180","1,180","1,200","1,150",C,4,"1,227",43,"2.4,0,19,57.1,21.4","0,2.3,14,79.1,4.6","1,085",締切,https://kabu.96ut.com/article/ipo/2024047/
2024,オプロ,日興,08/21(水),東G,228A,"1,240-1,300","1,300","1,690","1,650",B,6,"1,629",56,"3.8,9.4,52.8,26.4,7.5","0,26.8,41.1,32.1,0","1,673",締切,https://kabu.96ut.com/article/ipo/2024046/
2024,Faber Company,SBI,07/31(水),東S,220A,"940-1,000","1,000","1,800","1,250",B,7,"1,933",74,"22.4,14.9,59.7,3,0","36.5,37.8,20.3,5.4,0","1,190",締切,https://kabu.96ut.com/article/ipo/2024045/
2024,Ｈｅａｒｔｓｅｅｄ,日興,07/30(火),東G,219A,"1,110-1,160","1,160","1,280","1,280",C,4,"1,228",52,"4,2,34,32,28","0,3.8,21.2,73.1,1.9","1,548",締切,https://kabu.96ut.com/article/ipo/2024044/
2024,Liberaware,日興,07/29(月),東G,218A,295-310,310,560,560,B,7,570,55,"5.8,26.9,59.6,7.7,0","45.5,41.8,5.5,7.2,0",454,締切,https://kabu.96ut.com/article/ipo/2024043/
2024,タイミー,大和/三菱,07/26(金),東G,215A,"1,350-1,450","1,450","1,850","1,850",B,6,"2,079",112,"11.3,26.4,47.2,10.4,4.7","13.4,32.1,33.9,18.8,1.8","1,850",締切,https://kabu.96ut.com/article/ipo/2024042/
2024,フィットイージー,大和,07/23(火),東S,212A,950-990,990,"1,500","1,500",B,6,"1,599",83,"12.2,29.3,47.6,10.9,0","20.5,44.6,25.3,9.6,0","1,213",締切,https://kabu.96ut.com/article/ipo/2024041/
2024,カドス・コーポレーション,日興,07/18(木),東S,211A,"2,850-2,900","2,900","2,950","3,050",C,5,"3,020",48,"2.3,2.3,29.5,47.7,18.2","0,2.1,6.3,89.6,2","3,210",締切,https://kabu.96ut.com/article/ipo/2024040/
2024,PRISM BioLab,日興,07/02(火),東G,206A,435-450,450,430,430,D,3,468,55,"2,2,14.3,30.6,51","5.5,3.6,7.3,76.4,7.2",489,締切,https://kabu.96ut.com/article/ipo/2024039/
2024,ロゴスホールディングス,日興,06/28(金),東G,205A,"2,190-2,290","2,290","2,190","2,190",D,3,"2,197",41,"0,0,10,32.5,57.5","0,0,4.9,87.8,7.3","2,290",締切,https://kabu.96ut.com/article/ipo/2024038/
2024,豆蔵デジタルホールディングス,日興/三菱,06/27(木),東G,202A,"1,280-1,330","1,330","1,360","1,320",C,5,"1,465",59,"1.8,3.5,43.9,38.6,12.2","0,5.1,28.8,66.1,0","1,348",締切,https://kabu.96ut.com/article/ipo/2024037/
2024,ＭＦＳ,日興,06/21(金),東G,196A,370-400,400,410,410,C,4,448,52,"2,2,23.5,51,21.5","0,9.6,21.2,69.2,0",368,締切,https://kabu.96ut.com/article/ipo/2024034/
2024,ＰｏｓｔＰｒｉｍｅ,みずほ,06/20(木),東G,198A,430-450,450,550,550,C,5,602,66,"1.6,11.3,30.6,48.4,8.1","9.1,13.6,36.4,37.9,3",450,締切,https://kabu.96ut.com/article/ipo/2024036/
2024,タウンズ,大和/三菱,06/20(木),東S,197A,440-460,460,440,430,D,3,470,48,"0,4.2,20.8,27.1,47.9","0,8.2,6.1,77.6,8.1",430,締切,https://kabu.96ut.com/article/ipo/2024035/
2024,WOLVES HAND,日興,06/20(木),東G,194A,755-770,770,"1,080",880,B,6,"1,109",40,"2.5,2.5,90,2.5,2.5","5,30,52.5,12.5,0",875,締切,https://kabu.96ut.com/article/ipo/2024032/
2024,ライスカレー,みずほ,06/19(水),東G,195A,"1,240-1,420","1,420","1,850","1,800",B,6,"1,899",56,"5.6,9.3,61.1,22.2,1.8","3.6,10.7,50,30.4,5.3","1,560",締切,https://kabu.96ut.com/article/ipo/2024033/
2024,インテグループ,日興,06/18(火),東G,192A,"3,830-3,960","3,960","6,000","5,800",A,8,"6,598",66,"20.6,47.6,23.8,3.2,4.8","22.7,45.5,16.7,12.1,3","5,940",締切,https://kabu.96ut.com/article/ipo/2024031/
2024,ＣｈｏｒｄｉａＴｈｅｒａｐｅｕｔｉｃｓ,SBI,06/14(金),東G,190A,143-153,153,150,150,D,3,156,70,"0,1.5,10.4,35.8,52.2","1.4,2.9,7.1,82.9,5.7",255,締切,https://kabu.96ut.com/article/ipo/2024030/
2024,Ｄ＆Ｍカンパニー,大和,06/11(火),東G,189A,"950-1,000","1,000","1,300","1,300",B,6,"1,494",54,"9.4,7.5,58.5,24.5,0","7.4,35.2,40.7,16.7,0","1,308",締切,https://kabu.96ut.com/article/ipo/2024029/
2024,アストロスケールホールディングス,三菱/みずほ,06/05(水),東G,186A,750-850,850,"1,600","1,510",B,7,"2,204",138,"26.1,44,27.6,2.2,0","85.5,11.6,2.2,0.7,0","1,281",締切,https://kabu.96ut.com/article/ipo/2024028/
2024,学びエイド,SBI,05/28(火),東G,184A,910-970,970,"1,680","1,500",B,7,"1,818",83,"7.7,30.8,51.3,10.2,0","31.3,42.2,20.5,6,0","1,282",締切,https://kabu.96ut.com/article/ipo/2024027/
2024,コージンバイオ,野村,04/25(木),東G,177A,"1,840-1,900","1,900","2,470","1,980",B,6,"2,276",54,"1.9,5.8,53.8,26.9,11.5","1.9,11.1,40.7,38.9,7.4","2,030",締切,https://kabu.96ut.com/article/ipo/2024026/
2024,レジル,大和,04/24(水),東G,176A,"1,100-1,200","1,200","1,300","1,180",C,4,"1,247",65,"3.3,0,24.6,50.8,21.3","4.6,7.7,13.8,73.8,0","1,205",締切,https://kabu.96ut.com/article/ipo/2024025/
2024,Will Smart,大和,04/16(火),東G,175A,"1,320-1,380","1,656","2,070","1,750",B,7,"2,136",50,"6.5,15.2,54.3,15.2,8.7","8,48,26,16,2","1,580",締切,https://kabu.96ut.com/article/ipo/2024024/
2024,ハンモック,日興,04/11(木),東G,173A,"1,940-2,060","2,060","3,090","2,575",B,6,"3,071",47,"4.3,12.8,76.6,2.1,4.2","4.3,34,51.1,10.6,0","2,160",締切,https://kabu.96ut.com/article/ipo/2024023/
2024,イタミアート,東海東京,04/08(月),東G,168A,"1,580-1,600","1,600","3,200","3,000",B,7,"3,086",50,"4.1,38.8,51,6.1,0","44,44,6,6,0","2,000",締切,https://kabu.96ut.com/article/ipo/2024022/
2024,アズパートナーズ,野村,04/04(木),東S,160A,"1,890-1,920","1,920","2,980","2,980",B,7,"3,005",55,"9.4,15.1,66,9.4,0","9.1,60,18.2,12.7,0","2,923",締切,https://kabu.96ut.com/article/ipo/2024021/
2024,グリーンモンスター,みずほ,03/29(金),東G,157A,920-980,980,"1,715","2,000",B,7,"1,850",53,"9.6,21.2,63.5,5.7,0","47.2,37.7,11.3,3.8,0","1,700",締切,https://kabu.96ut.com/article/ipo/2024020/
2024,マテリアルグループ,野村,03/29(金),東G,156A,"1,100-1,180","1,180","1,200","1,200",C,4,"1,213",60,"3.4,0,20.7,44.8,31","1.7,3.3,25,63.3,6.7","1,085",締切,https://kabu.96ut.com/article/ipo/2024017/
2024,情報戦略テクノロジー,みずほ,03/28(木),東G,155A,380-460,460,"1,200","1,000",B,7,"1,122",64,"9.4,32.8,39.1,15.6,3.1","32.8,34.4,10.9,15.6,6.3","1,021",締切,https://kabu.96ut.com/article/ipo/2024019/
2024,カウリス,SBI,03/28(木),東G,153A,"1,440-1,530","1,530","2,295","2,500",B,6,"2,490",69,"10.1,23.2,47.8,14.5,4.3","30.4,29,26.1,13,1.4","2,875",締切,https://kabu.96ut.com/article/ipo/2024018/
2024,シンカ,日興,03/27(水),東G,149A,"1,050-1,100","1,320","1,600","1,680",B,6,"1,895",45,"2.3,9.3,79.1,7,2.3","26.7,48.9,15.6,8.8,0","1,671",締切,https://kabu.96ut.com/article/ipo/2024014/
2024,ダイブ,SBI,03/27(水),東G,151A,"1,710-1,820","1,820","3,500","3,260",B,7,"3,220",60,"11.7,35,48.3,3.3,1.7","38.3,40,11.7,10,0","3,225",締切,https://kabu.96ut.com/article/ipo/2024015/
2024,コロンビア・ワークス,野村,03/27(水),東S,146A,"3,110-3,300","3,300","3,500","3,500",C,5,"3,439",51,"3.9,3.9,25.5,51,15.7","0,7.8,5.9,80.4,5.9","3,745",締切,https://kabu.96ut.com/article/ipo/2024008/
2024,ＪＳＨ,SBI,03/26(火),東G,150A,350-380,456,874,900,B,7,909,61,"9.8,31.1,50.8,8.2,0","67.2,26.2,6.6,0,0",893,締切,https://kabu.96ut.com/article/ipo/2024016/
2024,ハッチ・ワーク,日興,03/26(火),東G,148A,"1,680-1,800","2,160","3,888","3,200",B,7,"2,724",52,"3.8,9.6,61.5,17.3,7.7","19.2,34.6,21.2,25,0","2,815",締切,https://kabu.96ut.com/article/ipo/2024011/
2024,ソラコム,みずほ/大和,03/26(火),東G,147A,820-870,870,"1,350","1,580",B,6,"1,361",70,"2.9,21.7,59.4,10.1,5.8","18.6,38.6,25.7,17.1,0","1,563",締切,https://kabu.96ut.com/article/ipo/2024010/
2024,L is B,野村,03/26(火),東G,145A,920-990,"1,188","1,782","1,782",B,6,"1,561",55,"1.9,11.1,68.5,11.1,7.4","12.7,65.5,9.1,12.7,0","1,553",締切,https://kabu.96ut.com/article/ipo/2024009/
2024,イシン,みずほ,03/25(月),東G,143A,"1,000-1,080","1,080","2,500","2,500",A,8,"3,112",57,"12.5,57.1,28.6,1.8,0","93,3.5,1.8,1.7,0","2,234",締切,https://kabu.96ut.com/article/ipo/2024012/
2024,ジンジブ,SBI,03/22(金),東G,142A,"1,620-1,750","1,750","4,000","4,200",A,8,"4,474",79,"26,50.6,22.1,1.3,0","84.8,10.1,2.5,2.5,0","3,980",締切,https://kabu.96ut.com/article/ipo/2024007/
2024,トライアルホールディングス,大和/三菱,03/21(木),東G,141A,"1,600-1,700","1,700","2,000","2,200",B,6,"2,187",121,"7.5,21.7,55,13.3,2.5","6.6,23.1,47.1,23.1,0","2,215",締切,https://kabu.96ut.com/article/ipo/2024006/
2024,ＳＴＧ,みずほ,03/21(木),東G,5858,"1,820-1,920","1,920","2,880","2,880",B,6,"2,835",67,"7.6,13.6,60.6,12.1,6.1","4.5,49.3,23.9,19.4,2.9","3,215",締切,https://kabu.96ut.com/article/ipo/2024013/
2024,光フードサービス,東海東京,02/28(水),東G,138A,"2,400-2,660","2,660","4,600","6,000",B,7,"4,671",68,"13.8,26.2,50.8,9.2,0","72.1,20.6,4.4,2.9,0","5,850",締切,https://kabu.96ut.com/article/ipo/2024005/
2024,Cocolive,日興,02/28(水),東G,137A,"1,720-1,780","1,780","2,800","4,000",B,7,"2,871",71,"6.1,19.7,74.2,0,0","8.5,56.3,29.6,5.6,0","3,990",締切,https://kabu.96ut.com/article/ipo/2024004/
2024,ＶＲＡＩＮＳｏｌｕｔｉｏｎ,日興,02/22(木),東G,135A,"2,790-2,990","2,990","3,580","4,485",B,6,"3,814",73,"10.3,17.6,52.9,13.2,5.9","4.1,21.9,46.6,27.4,0","5,190",締切,https://kabu.96ut.com/article/ipo/2024003/
2024,Veritas In Silico,みずほ,02/08(木),東G,130A,"800-1,000","1,000","1,200","1,200",C,5,"1,131",76,"2.7,5.4,20.3,47.3,24.3","0,3.9,10.5,81.6,3.9","2,001",締切,https://kabu.96ut.com/article/ipo/2024002/
2024,SOLIZE,大和,02/07(水),東S,5871,"1,380-1,470","1,470","2,000","2,130",B,6,"1,964",93,"3.4,18,64,14.6,0","2.2,24.7,57,16.1,0","2,020",締切,https://kabu.96ut.com/article/ipo/2024001/
2025,リブ・コンサルティング,日興,12/25(木),東G,480A,"920-1,000","1,000","1,500","1,500",B,7,"1,590",56,"14.3,20.4,57.1,8.2,0","12.5,57.1,25,5.4,0","1,400",締切,https://kabu.96ut.com/article/ipo/2025066/
2025,PRONI,大和,12/24(水),東G,479A,"1,730-1,750","1,750","2,200","2,200",B,6,"2,331",61,"6.8,13.6,59.3,18.6,1.7","4.9,19.7,42.6,32.8,0","1,875",締切,https://kabu.96ut.com/article/ipo/2025067/
2025,フツパー,日興,12/24(水),東G,478A,"960-1,020","1,020","1,350","1,400",B,6,"1,466",56,"3.8,19.2,59.6,11.5,5.8","5.4,44.6,35.7,8.9,5.4","1,344",締切,https://kabu.96ut.com/article/ipo/2025064/
2025,テラテクノロジー,SBI,12/23(火),東S,483A,"2,010-2,090","2,090","2,450","2,500",B,6,"2,957",53,"8.2,26.5,53.1,12.2,0","7.5,22.6,32.1,35.8,1.9","2,904",締切,https://kabu.96ut.com/article/ipo/2025068/
2025,スタートライン,みずほ,12/22(月),東G,477A,440-480,480,880,"1,030",A,8,"1,089",56,"20.4,37,33.3,7.4,1.9","71.4,19.6,1.8,7.1,0",935,締切,https://kabu.96ut.com/article/ipo/2025065/
2025,パワーエックス,三菱/日興,12/19(金),東G,485A,"1,200-1,220","1,220","1,350","1,380",C,5,"1,460",60,"8.5,11.9,16.9,45.8,16.9","6.7,5,15,68.3,5","1,130",締切,https://kabu.96ut.com/article/ipo/2025069/
2025,辻・本郷ＩＴコンサルティング,SBI,12/19(金),東S,476A,"1,810-1,850","1,850","2,700","2,450",B,7,"2,789",50,"12.5,35.4,47.9,4.2,0","4,50,40,6,0","2,980",締切,https://kabu.96ut.com/article/ipo/2025063/
2025,ギミック,野村,12/19(金),東S,475A,"1,120-1,150","1,150","1,300","1,300",B,6,"1,401",50,"8,4,56,30,2","2,6,36,56,0","1,090",締切,https://kabu.96ut.com/article/ipo/2025062/
2025,ミラティブ,三菱/大和,12/18(木),東G,472A,850-860,860,850,830,C,4,899,54,"5.9,0,9.8,60.8,23.5","1.9,1.9,3.7,90.7,1.8",751,締切,https://kabu.96ut.com/article/ipo/2025061/
2025,SBI新生銀行,野村/SBI,12/17(水),東P,8303,"1,440-1,450","1,450","1,650","1,580",B,6,"1,951",203,"9.9,31.9,46.6,10.5,1","5.9,10.8,43.3,39.4,0.5","1,586",締切,https://kabu.96ut.com/article/ipo/2025060/
2025,NSグループ,日興/大和,12/16(火),東P,471A,"1,440-1,480","1,480","1,500","1,450",C,4,"1,585",65,"7.9,0,19,44.4,28.6","1.5,3.1,6.2,89.2,0","1,406",締切,https://kabu.96ut.com/article/ipo/2025059/
2025,AlbaLink,野村,12/15(月),東G,5537,"1,200-1,300","1,300","1,950","1,950",B,7,"1,831",46,"6.7,20,60,11.1,2.2","15.2,54.3,17.4,13,0","1,850",締切,https://kabu.96ut.com/article/ipo/2025058/
2025,フィットクルー,みずほ,12/12(金),東G,469A,"2,000-2,200","2,200","2,800","2,900",B,6,"2,723",50,"4.2,16.7,58.3,18.8,2","4,26,40,30,0","3,000",締切,https://kabu.96ut.com/article/ipo/2025057/
2025,ＦＵＮＤＩＮＮＯ,野村,12/05(金),東G,462A,600-620,620,745,745,C,5,651,85,"8.4,2.4,15.7,32.5,41","4.7,5.9,14.1,48.2,27.1",883,締切,https://kabu.96ut.com/article/ipo/2025056/
2025,ＢＲＡＮＵ,みずほ,12/01(月),東G,460A,930-980,980,"1,500","1,600",B,6,"1,615",54,"9.6,26.9,59.6,3.8,0","18.5,61.1,16.7,3.7,0","1,655",締切,https://kabu.96ut.com/article/ipo/2025055/
2025,HUMAN MADE,野村,11/27(木),東G,456A,"3,000-3,130","3,130","3,130","3,200",C,4,"3,255",59,"3.5,10.5,26.3,38.6,21.1","1.7,5.1,11.9,79.7,1.6","3,440",締切,https://kabu.96ut.com/article/ipo/2025054/
2025,ノースサンド,大和,11/21(金),東G,446A,"1,060-1,120","1,120","1,300","1,300",C,5,"1,312",88,"5.8,11.6,38.4,39.5,4.7","0,11.4,42,46.6,0","1,200",締切,https://kabu.96ut.com/article/ipo/2025053/
2025,ハンワホームズ,フィリ,11/17(月),名N,275A,250-270,270,280,280,C,4,282,46,"2.4,0,19,40.5,38.1","0,6.5,17.4,73.9,2.2",298,締切,https://kabu.96ut.com/article/ipo/2025052/
2025,ファイントゥデイホールディングス,大和/日興,11/05(水),東S,420A,,未,未,-,,,"1,487",19,"0,5.9,35.3,29.4,29.4","0,0,10.5,73.7,15.8",-,締切,https://kabu.96ut.com/article/ipo/2025051/
2025,クラシコ,大和,11/05(水),東G,442A,"1,220-1,390","1,390","2,150","2,700",B,7,"2,272",46,"9.3,34.9,34.9,18.6,2.3","54.3,19.6,13,10.9,2.2","3,270",締切,https://kabu.96ut.com/article/ipo/2025050/
2025,ＮＥ,みずほ,11/04(火),東G,441A,730-750,750,900,800,B,6,"1,071",39,"2.7,8.1,51.4,29.7,8.1","17.9,17.9,20.5,43.6,0",750,締切,https://kabu.96ut.com/article/ipo/2025049/
2025,ＢＪＣ,日興/SBI,10/28(火),東G,440A,"1,640-1,680",未,"1,680",-,C,4,"1,806",47,"2.3,0,16.3,25.6,55.8","0,2.1,4.3,53.2,40.4",-,締切,https://kabu.96ut.com/article/ipo/2025047/
2025,インフキュリオン,SBI,10/24(金),東G,438A,"1,540-1,600","1,680","2,000","1,920",B,6,"2,334",81,"7.8,27.3,48.1,15.6,1.2","12.3,30.9,43.2,13.6,0","1,560",締切,https://kabu.96ut.com/article/ipo/2025046/
2025,サイバーソリューションズ,大和,10/23(木),東G,436A,"1,300-1,380","1,380","2,050","2,050",B,6,"2,226",55,"3.7,18.5,68.5,9.3,0","18.2,25.5,47.3,9,0","1,914",締切,https://kabu.96ut.com/article/ipo/2025045/
2025,ユーソナー,野村,10/17(金),東G,431A,"1,910-2,000","2,000","3,000","2,600",B,6,"2,949",66,"12.1,19.7,57.6,10.6,0","9.1,40.9,37.9,12.1,0","2,350",締切,https://kabu.96ut.com/article/ipo/2025044/
2025,テクセンドフォトマスク,日興/野村/三菱,10/16(木),東P,429A,"2,900-3,000","3,000","3,500","3,700",B,6,"3,914",153,"10.4,31.9,41.7,10.4,5.6","4.6,14.4,51.6,27.5,1.9","3,570",締切,https://kabu.96ut.com/article/ipo/2025048/
2025,ライオン事務器,みずほ,10/15(水),東S,423A,209-213,213,330,320,B,6,359,65,"4.9,21.3,59,13.1,1.6","20,49.2,18.5,12.3,0",374,締切,https://kabu.96ut.com/article/ipo/2025042/
2025,サイプレス・ホールディングス,大和,10/08(水),東S,428A,690-710,710,850,810,C,5,859,58,"7,5.3,31.6,50.9,5.2","0,1.7,20.7,77.6,0",675,締切,https://kabu.96ut.com/article/ipo/2025043/
2025,ウリドキ,JTG,10/07(火),名N,418A,"1,100-1,200","1,200","1,300","1,200",C,5,"1,247",50,"6.1,2,20.4,53.1,18.4","0,8,16,76,0","1,290",締切,https://kabu.96ut.com/article/ipo/2025040/
2025,ムービン・ストラテジック・キャリア,大和,10/06(月),東G,421A,"1,990-2,080","2,080","2,780","2,850",B,6,"2,846",50,"8.2,24.5,61.2,6.1,0","4,28,50,18,0","2,502",締切,https://kabu.96ut.com/article/ipo/2025041/
2025,オーバーラップホールディングス,みずほ/三菱,10/03(金),東G,414A,"1,600-1,650","1,650","1,650","1,800",C,4,"1,712",69,"1.5,1.5,24.2,42.4,30.3","0,2.9,15.9,79.7,1.4","1,533",締切,https://kabu.96ut.com/article/ipo/2025039/
2025,UNICONホールディングス,野村,09/26(金),東S,407A,"1,000-1,060","1,060","1,100","1,200",C,4,"1,120",59,"1.7,1.7,25.4,59.3,11.9","0,0,8.5,91.5,0","1,385",締切,https://kabu.96ut.com/article/ipo/2025036/
2025,GMOコマース,大和,09/25(木),東G,410A,"1,140-1,180","1,180","2,200","2,200",B,7,"2,099",72,"18.3,33.8,45.1,2.8,0","27.8,54.2,12.5,5.5,0","2,131",締切,https://kabu.96ut.com/article/ipo/2025038/
2025,オリオンビール,野村,09/25(木),東P,409A,800-850,850,"1,250","1,355",B,6,"1,230",104,"4,38.4,55.6,2,0","7.7,59.6,26.9,5.8,0","1,863",締切,https://kabu.96ut.com/article/ipo/2025037/
2025,アクセルスペースホールディングス,日興,08/13(水),東G,402A,345-375,375,865,930,A,8,"1,013",91,"32.2,43.7,19.5,4.6,0","86.8,9.9,0,2.2,1.1",751,締切,https://kabu.96ut.com/article/ipo/2025035/
2025,霞ヶ関ホテルリート投資法人,みずほ,08/13(水),東R,401A,96k-100k,"100,000","103,000","102,000",C,4,"107,760",70,"4.3,10.1,40.6,40.6,4.3","1.4,4.3,1.4,91.4,1.4","103,800",締切,https://kabu.96ut.com/article/ipo/2025034/
2025,山忠,藍澤,07/29(火),名M,391A,"2,520-2,600","2,600","2,800","2,800",B,6,"2,876",44,"2.4,2.4,33.3,40.5,21.4","2.3,2.3,15.9,77.3,2.2","2,600",締切,https://kabu.96ut.com/article/ipo/2025033/
2025,フラー,SBI,07/24(木),東G,387A,"1,110-1,170","1,170","3,861","4,170",A,8,"4,154",89,"28.4,59.1,12.5,0,0","97.8,1.1,0,1.1,0","5,200",締切,https://kabu.96ut.com/article/ipo/2025032/
2025,みのや,みずほ,07/18(金),東S,386A,"1,440-1,540","1,540","1,840","1,950",B,6,"1,950",43,"2.3,14,67.4,14,2.3","0,23.3,53.5,23.2,0","2,531",締切,https://kabu.96ut.com/article/ipo/2025031/
2025,かがやきホールディングス,東海東京,07/16(水),東G,384A,,未,未,-,,,"1,574",11,"0,0,60,40,0","0,27.3,36.4,36.3,0",-,締切,https://kabu.96ut.com/article/ipo/2025030/
2025,ヒット,SBI,07/04(金),東G,378A,"1,430-1,500","1,500","1,980","2,100",B,6,"2,105",75,"7,23.9,54.9,12.7,1.4","4,32,50.7,13.3,0","2,166",締切,https://kabu.96ut.com/article/ipo/2025029/
2025,リップス,野村,06/30(月),東G,373A,"3,100-3,130","3,130","3,300","3,300",C,4,"3,297",40,"2.5,0,32.5,45,20","0,2.5,2.5,95,0","3,200",締切,https://kabu.96ut.com/article/ipo/2025028/
2025,レント,みずほ,06/30(月),東S,372A,"4,270-4,330","4,330","4,750","4,750",C,5,"4,863",47,"4.3,10.9,37,43.5,4.3","0,4.3,21.3,74.4,0","5,730",締切,https://kabu.96ut.com/article/ipo/2025027/
2025,エータイ,大和,06/26(木),東G,369A,"1,480-1,510","1,510","2,050","2,060",B,6,"1,956",52,"7.8,15.7,62.7,11.8,2","5.8,5.8,59.6,28.8,0","2,547",締切,https://kabu.96ut.com/article/ipo/2025026/
2025,北里コーポレーション,野村/日興,06/25(水),東P,368A,"1,300-1,340","1,340","1,680","1,750",B,6,"1,820",83,"8.6,28.4,49.4,12.3,1.2","4.8,38.6,47,9.6,0","2,001",締切,https://kabu.96ut.com/article/ipo/2025025/
2025,プリモグローバルホールディングス,みずほ/日興,06/24(火),東S,367A,"2,060-2,150","2,150","2,100","2,013",D,3,"2,148",47,"0,4.3,10.9,32.6,52.2","0,0,4.3,91.5,4.2","2,013",締切,https://kabu.96ut.com/article/ipo/2025024/
2025,ウェルネス・コミュニケーションズ,野村,06/23(月),東G,366A,"2,450-2,480","2,480","3,500","3,600",B,7,"3,559",60,"10.5,28.1,56.1,3.5,1.8","8.3,26.7,53.3,10,1.7","3,300",締切,https://kabu.96ut.com/article/ipo/2025022/
2025,伊澤タオル,三菱/SBI,06/20(金),東S,365A,700-750,750,800,870,C,5,834,66,"4.8,6.3,31.7,46,11.1","0,4.5,37.9,56.1,1.5",765,締切,https://kabu.96ut.com/article/ipo/2025023/
2025,エレベーターコミュニケーションズ,東洋,04/25(金),札ア,353A,"1,600-1,700","1,700","1,600","1,700",C,4,"1,645",45,"2.3,2.3,11.6,37.2,46.5","0,2.2,6.7,86.7,4.4","2,200",締切,https://kabu.96ut.com/article/ipo/2025021/
2025,ＬＩＦＥＣＲＥＡＴＥ,大和/SBI,04/24(木),東G,352A,"1,110-1,250","1,250","1,250","1,250",C,4,"1,306",52,"3.8,1.9,21.2,40.4,32.7","0,1.9,9.6,82.7,5.8","1,280",締切,https://kabu.96ut.com/article/ipo/2025020/
2025,デジタルグリッド,大和,04/22(火),東G,350A,"4,400-4,570","4,520","4,500","4,450",C,4,"4,534",62,"1.7,3.4,18.6,39,37.3","0,1.6,3.2,91.9,3.2","5,310",締切,https://kabu.96ut.com/article/ipo/2025019/
2025,ＩＡＣＥトラベル,東海東京,04/07(月),東S,343A,"980-1,000","1,000","1,100",880,C,5,"1,102",48,"2.1,6.4,19.1,57.4,14.9","0,2.1,16.7,75,6.2",864,締切,https://kabu.96ut.com/article/ipo/2025018/
2025,ジグザグ,大和,03/31(月),東G,340A,"1,470-1,500","1,500","2,300","2,250",B,7,"2,410",47,"8.7,23.9,65.2,2.2,0","17,38.3,42.6,2.1,0","2,030",締切,https://kabu.96ut.com/article/ipo/2025016/
2025,プログレス・テクノロジーズ グループ,野村,03/28(金),東G,339A,"1,890-1,950","1,950","1,950","1,950",C,4,"1,917",50,"8.2,0,12.2,36.7,42.9","6,2,0,92,0","1,980",締切,https://kabu.96ut.com/article/ipo/2025014/
2025,トヨコー,日興,03/28(金),東G,341A,700-730,730,900,900,C,5,792,45,"4.4,2.2,33.3,37.8,22.2","0,6.7,17.8,75.5,0",871,締切,https://kabu.96ut.com/article/ipo/2025017/
2025,ＺｅｎｍｕＴｅｃｈ,岡三,03/27(木),東G,338A,"1,500-1,580","1,580","3,280","3,650",A,8,"3,112",54,"18.9,60.4,18.9,1.8,0","63,22.2,13,1.8,0","5,000",締切,https://kabu.96ut.com/article/ipo/2025015/
2025,ダイナミックマッププラットフォーム,日興,03/27(木),東G,336A,"1,130-1,200","1,200","1,800","2,000",B,7,"2,049",65,"14.8,26.2,54.1,3.3,1.6","16.9,66.2,12.3,4.6,0","1,530",締切,https://kabu.96ut.com/article/ipo/2025013/
2025,ビジュアル・プロセッシング・ジャパン,岡三,03/25(火),東G,334A,"1,360-1,430","1,430","2,300","2,300",B,7,"2,359",71,"29,21.7,40.6,7.2,1.4","39.4,26.8,22.5,9.9,1.4","3,040",締切,https://kabu.96ut.com/article/ipo/2025010/
2025,ミライロ,日興,03/24(月),東G,335A,255-270,270,550,570,B,7,534,52,"10,24,60,6,0","46.2,40.4,7.7,5.7,0",661,締切,https://kabu.96ut.com/article/ipo/2025011/
2025,ミーク,日興,03/21(金),東G,332A,760-800,800,"1,000","1,000",B,6,"1,097",58,"5.3,14,70.2,10.5,0","3.4,31,50,15.5,0",845,締切,https://kabu.96ut.com/article/ipo/2025008/
2025,パパネッツ,フィリ,03/21(金),福Q,9388,700-740,700,730,700,C,4,781,44,"0,4.5,2.3,34.1,59.1","0,0,2.3,34.1,63.6",830,締切,https://kabu.96ut.com/article/ipo/2025012/
2025,ＪＸ金属,大和,03/19(水),東P,5016,810-820,820,850,850,C,4,910,120,"2.6,6.8,29.1,43.6,17.9","0,1.7,10,85.8,2.5",843,締切,https://kabu.96ut.com/article/ipo/2025009/
2025,メディックス,みずほ,03/19(水),東S,331A,760-800,800,850,830,C,4,848,52,"0,1.9,17.3,50,30.8","0,0,3.8,96.2,0",760,締切,https://kabu.96ut.com/article/ipo/2025007/
2025,TalentX,みずほ,03/18(火),東G,330A,650-750,750,"1,000","1,080",B,6,"1,017",57,"1.8,9.1,70.9,14.5,3.6","0,12.3,73.7,12.3,1.7","1,026",締切,https://kabu.96ut.com/article/ipo/2025006/
2025,TENTIAL,野村,02/28(金),東G,325A,"1,900-2,000","2,000","2,500","2,500",B,6,"2,500",66,"7.6,15.2,53,22.7,1.5","4.5,10.6,57.6,27.3,0","2,600",締切,https://kabu.96ut.com/article/ipo/2025005/
2025,ブッキングリゾート,日興,02/21(金),東G,324A,"1,200-1,240","1,240","1,612","1,800",B,6,"1,597",58,"3.4,8.6,70.7,17.2,0","0,17.2,60.3,20.7,1.7","1,550",締切,https://kabu.96ut.com/article/ipo/2025003/
2025,フライヤー,みずほ,02/20(木),東G,323A,590-680,680,900,960,B,6,935,54,"7.5,13.2,69.8,9.4,0","0,37,51.9,11.1,0","1,178",締切,https://kabu.96ut.com/article/ipo/2025004/
2025,技術承継機構,SBI,02/05(水),東G,319A,"1,850-2,000","2,000","2,500","2,500",B,6,"2,970",76,"9.6,28.8,50.7,9.6,1.3","10.5,31.6,44.7,13.2,0","2,700",締切,https://kabu.96ut.com/article/ipo/2025001/
2025,バルコス,フィリ,02/03(月),名N,7790,"1,300-1,400","1,400","1,390","1,400",C,4,"1,406",47,"0,0,17.4,45.7,36.9","0,2.1,2.1,93.6,2.1","1,401",締切,https://kabu.96ut.com/article/ipo/2025002/
2026,ルクレ,野村,10/15(木),東G,648A,,未,未,-,,,"3,167",5,"40,20,40,0,0","60,0,40,0,0",-,投票,https://kabu.96ut.com/article/ipo/2026035/
2026,アイビスホールディングス,フィリ,10/13(火),名N,9334,,未,未,-,,,789,3,"0,0,0,66.7,33.3","33.3,0,0,66.7,0",-,投票,https://kabu.96ut.com/article/ipo/2026034/
2026,レイヤード,SBI,09/25(金),東S,634A,"1,350-1,400",未,"1,800",-,B,6,"1,767",19,"5.3,5.3,63.2,21.1,5.1","0,10.5,47.4,42.1,0",-,投票,https://kabu.96ut.com/article/ipo/2026033/
2026,テクノクラフト,日興,09/18(金),東S,622A,630-650,未,700,-,C,5,773,24,"8.7,8.7,34.8,43.5,4.3","8.3,8.3,12.5,66.7,4.2",-,投票,https://kabu.96ut.com/article/ipo/2026027/
2026,ベルテックス,東海東京,09/18(金),東S,623A,530-550,未,650,-,C,5,591,22,"4.5,0,36.4,36.4,22.7","0,4.5,9.1,86.4,0",-,投票,https://kabu.96ut.com/article/ipo/2026028/
2026,かがやきホールディングス,東海東京,09/18(金),名N,624A,700-720,未,960,-,C,5,760,23,"4.5,4.5,22.7,50,18.2","0,8.7,4.3,82.6,4.3",-,投票,https://kabu.96ut.com/article/ipo/2026030/
2026,akippa,SBI,09/18(金),東S,627A,540-570,未,"1,150",-,B,7,999,26,"4,20,72,4,0","23.1,69.2,7.7,0,0",-,投票,https://kabu.96ut.com/article/ipo/2026032/
2026,Skyfall,SBI,09/17(木),東G,625A,"1,450-1,500",未,"1,950",-,B,6,"2,120",31,"10,6.7,56.7,23.3,3.3","9.7,16.1,45.2,29,0",-,投票,https://kabu.96ut.com/article/ipo/2026031/
2026,オーディオストック,SBI,09/16(水),東G,621A,"1,020-1,060","1,060","1,590",-,B,7,"1,668",32,"14.3,10.7,71.4,3.6,0","12.5,50,28.1,9.4,0",-,投票,https://kabu.96ut.com/article/ipo/2026029/
2026,オリバー,野村/大和,09/16(水),東S,619A,295-305,305,320,-,C,4,304,47,"6.7,0,22.2,60,11.1","4.3,2.1,2.1,91.5,0",-,投票,https://kabu.96ut.com/article/ipo/2026026/
2026,KOMPEITO,SBI,09/11(金),東G,618A,"1,560-1,600","1,600","1,580",-,C,4,"1,564",61,"5.4,0,10.7,42.9,41","4.9,1.6,1.6,85.2,6.6",-,投票,https://kabu.96ut.com/article/ipo/2026025/
2026,エブリー,日興,08/04(火),東G,607A,220-230,230,350,330,B,6,377,49,"4.4,15.6,60,15.6,4.4","14.3,46.9,28.6,10.2,0",294,締切,https://kabu.96ut.com/article/ipo/2026024/
2026,ビーエイブル,みずほ,07/29(水),東S,604A,660-700,700,880,850,B,6,970,50,"4.4,26.7,53.3,11.1,4.4","8,34,40,18,0","1,016",締切,https://kabu.96ut.com/article/ipo/2026022/
2026,アイ・グリッド・ソリューションズ,野村,07/29(水),東G,603A,740-770,770,"1,001",880,B,6,"1,076",51,"6.4,19.1,59.6,14.9,0","13.7,15.7,60.8,9.8,0",953,締切,https://kabu.96ut.com/article/ipo/2026021/
2026,ティアフォー,三菱/日興,07/22(水),東G,593A,"1,015-1,085","1,085","1,200","1,250",C,5,"1,172",62,"3.4,6.9,27.6,43.1,19","1.6,9.7,19.4,64.5,4.8","1,009",締切,https://kabu.96ut.com/article/ipo/2026023/
2026,チャットプラス,丸三,07/15(水),東G,598A,"1,050-1,080","1,080","1,500","1,500",B,6,"1,522",49,"12.5,22.9,52.1,12.5,0","6.1,32.7,40.8,20.4,0","2,284",締切,https://kabu.96ut.com/article/ipo/2026020/
2026,ネイス,岡三,06/30(火),東G,589A,"1,290-1,320","1,320","1,800","1,800",B,6,"1,773",56,"9.4,22.6,41.5,26.4,0","5.4,17.9,53.6,23.1,0","1,476",締切,https://kabu.96ut.com/article/ipo/2026019/
2026,LiNKX,野村,06/23(火),東G,584A,730-790,790,"1,500","1,185",B,7,"1,566",55,"16.4,30.9,47.3,3.6,1.8","58.2,29.1,7.3,3.6,1.8","1,075",締切,https://kabu.96ut.com/article/ipo/2026018/
2026,GO,野村,06/16(火),東G,581A,"2,350-2,400","2,400","3,000","3,150",B,6,"3,215",106,"7.9,44.6,45.5,2,0","2.8,15.1,65.1,17,0","2,910",締切,https://kabu.96ut.com/article/ipo/2026017/
2026,梅乃宿酒造,日興,04/24(金),東S,559A,570-600,600,680,820,C,5,722,46,"4.4,11.1,35.6,42.2,6.7","0,10.9,28.3,58.7,2.1",900,締切,https://kabu.96ut.com/article/ipo/2026016/
2026,犬猫生活,SBI,04/23(木),東G,556A,"2,790-2,990","2,990","3,150","3,600",C,5,"3,508",56,"9.4,13.2,28.3,45.3,3.8","1.8,3.6,25,69.6,0","3,500",締切,https://kabu.96ut.com/article/ipo/2026014/
2026,SQUEEZE,SBI,04/22(水),東G,558A,"2,910-3,110","3,110","3,010","3,180",C,4,"3,252",48,"6.4,6.4,19.1,48.9,19.1","0,0,12.5,87.5,0","3,250",締切,https://kabu.96ut.com/article/ipo/2026015/
2026,バトンズ,大和,04/21(火),東G,554A,630-660,660,850,"1,188",B,6,982,49,"6.1,18.4,59.2,14.3,2","10.2,24.5,55.1,8.2,2","1,674",締切,https://kabu.96ut.com/article/ipo/2026013/
2026,ソフトテックス,岡三,04/09(木),東S,550A,"1,910-1,940","1,940","2,000","2,450",C,5,"2,130",41,"2.5,10,17.5,57.5,12.5","2.4,4.9,9.8,82.9,0","3,200",締切,https://kabu.96ut.com/article/ipo/2026012/
2026,ヒトトヒトホールディングス,野村,04/07(火),東S,549A,410-430,430,475,430,C,4,524,43,"5,0,27.5,37.5,30","2.3,11.6,14,65.1,7",422,締切,https://kabu.96ut.com/article/ipo/2026010/
2026,システムエグゼ,みずほ,04/06(月),東S,548A,900-950,950,"1,050",950,C,5,"1,068",41,"2.6,0,36.8,47.4,13.2","0,4.9,17.1,75.6,2.4","1,061",締切,https://kabu.96ut.com/article/ipo/2026011/
2026,レクメド,野村,04/02(木),東G,529A,,未,未,-,,,982,21,"0,0,0,15.8,84.2","0,0,4.8,76.2,19",-,締切,https://kabu.96ut.com/article/ipo/2026008/
2026,ビタブリッドジャパン,SBI,04/02(木),東G,542A,"1,290-1,370","1,370","1,450","1,350",C,4,"1,494",52,"5.8,0,15.4,55.8,23","3.8,1.9,9.6,82.7,1.9","1,301",締切,https://kabu.96ut.com/article/ipo/2026009/
2026,セイワホールディングス,SBI,03/27(金),東G,523A,"1,230-1,250","1,250","1,380","1,150",B,6,"1,668",91,"11.8,16.5,38.8,24.7,8.2","9.9,18.7,28.6,42.8,0","1,220",締切,https://kabu.96ut.com/article/ipo/2026007/
2026,ジェイファーマ,SBI,03/25(水),東G,520A,840-900,880,820,780,D,3,810,58,"0,0,5.6,18.5,75.9","0,0,1.7,82.8,15.5",809,締切,https://kabu.96ut.com/article/ipo/2026006/
2026,ベーシック,岡三,03/25(水),東G,519A,830-870,870,850,800,C,4,895,50,"2.1,2.1,6.3,47.9,41.6","0,2,2,84,12",800,締切,https://kabu.96ut.com/article/ipo/2026005/
2026,グリーンライト・再エネインフラ投資法人,みずほ,03/10(火),東イ,509A,78k-80k,"80,000","77,000","75,000",D,3,"76,559",53,"0,0,9.8,27.5,62.7","0,0,0,100,0","80,000",締切,https://kabu.96ut.com/article/ipo/2026004/
2026,ギークリー,野村,02/27(金),東S,505A,"1,880-1,900","1,900","1,980","1,900",C,5,"2,023",64,"1.8,1.8,19.3,57.9,19.2","3.1,1.6,4.7,85.9,4.7","1,757",締切,https://kabu.96ut.com/article/ipo/2026003/
2026,イノバセル,野村,02/24(火),東G,504A,"1,290-1,350","1,350","1,250","1,248",D,2,"1,199",60,"0,0,5.6,31.5,62.9","0,1.7,1.7,71.7,24.9","1,248",締切,https://kabu.96ut.com/article/ipo/2026002/
2026,ＴＯブックス,日興,02/13(金),東S,500A,"3,810-3,910","3,910","4,500","4,800",B,6,"4,581",71,"8.8,16.2,48.5,25,1.5","1.4,7,29.6,60.6,1.4","3,595",締切,https://kabu.96ut.com/article/ipo/2026001/
now,ルクレ,野村,10/15(木),東G,648A,,未,未,-,,,"3,167",5,"40,20,40,0,0","60,0,40,0,0",-,投票,https://kabu.96ut.com/article/ipo/2026035/
now,アイビスホールディングス,フィリ,10/13(火),名N,9334,,未,未,-,,,789,3,"0,0,0,66.7,33.3","33.3,0,0,66.7,0",-,投票,https://kabu.96ut.com/article/ipo/2026034/
now,レイヤード,SBI,09/25(金),東S,634A,"1,350-1,400",未,"1,800",-,B,6,"1,767",19,"5.3,5.3,63.2,21.1,5.1","0,10.5,47.4,42.1,0",-,投票,https://kabu.96ut.com/article/ipo/2026033/
now,akippa,SBI,09/18(金),東S,627A,540-570,未,"1,150",-,B,7,999,26,"4,20,72,4,0","23.1,69.2,7.7,0,0",-,投票,https://kabu.96ut.com/article/ipo/2026032/
now,かがやきホールディングス,東海東京,09/18(金),名N,624A,700-720,未,960,-,C,5,760,23,"4.5,4.5,22.7,50,18.2","0,8.7,4.3,82.6,4.3",-,投票,https://kabu.96ut.com/article/ipo/2026030/
now,ベルテックス,東海東京,09/18(金),東S,623A,530-550,未,650,-,C,5,591,22,"4.5,0,36.4,36.4,22.7","0,4.5,9.1,86.4,0",-,投票,https://kabu.96ut.com/article/ipo/2026028/
now,テクノクラフト,日興,09/18(金),東S,622A,630-650,未,700,-,C,5,773,24,"8.7,8.7,34.8,43.5,4.3","8.3,8.3,12.5,66.7,4.2",-,投票,https://kabu.96ut.com/article/ipo/2026027/
now,Skyfall,SBI,09/17(木),東G,625A,"1,450-1,500",未,"1,950",-,B,6,"2,120",31,"10,6.7,56.7,23.3,3.3","9.7,16.1,45.2,29,0",-,投票,https://kabu.96ut.com/article/ipo/2026031/
now,オーディオストック,SBI,09/16(水),東G,621A,"1,020-1,060","1,060","1,590",-,B,7,"1,668",32,"14.3,10.7,71.4,3.6,0","12.5,50,28.1,9.4,0",-,投票,https://kabu.96ut.com/article/ipo/2026029/
now,オリバー,野村/大和,09/16(水),東S,619A,295-305,305,320,-,C,4,304,47,"6.7,0,22.2,60,11.1","4.3,2.1,2.1,91.5,0",-,投票,https://kabu.96ut.com/article/ipo/2026026/
now,KOMPEITO,SBI,09/11(金),東G,618A,"1,560-1,600","1,600","1,580",-,C,4,"1,564",61,"5.4,0,10.7,42.9,41","4.9,1.6,1.6,85.2,6.6",-,投票,https://kabu.96ut.com/article/ipo/2026025/
